Timestamp,Set Power,Current,Battery Voltage,Running,Ticks,Velocity,PIDF
074.292,,0.000,12.812,false,322585.000,0.000,PIDFCoefficients(p=80.000000 i=20.000000 d=0.000000 f=0.000000 alg=PIDF)
074.321,,0.000,12.812,false,322585.000,0.000,PIDFCoefficients(p=80.000000 i=20.000000 d=0.000000 f=0.000000 alg=PIDF)
074.351,,0.000,12.808,false,322585.000,0.000,PIDFCoefficients(p=80.000000 i=20.000000 d=0.000000 f=0.000000 alg=PIDF)
074.373,,0.000,12.808,false,322585.000,0.000,PIDFCoefficients(p=80.000000 i=20.000000 d=0.000000 f=0.000000 alg=PIDF)
074.397,,0.000,12.808,false,322585.000,0.000,PIDFCoefficients(p=80.000000 i=20.000000 d=0.000000 f=0.000000 alg=PIDF)
074.417,,0.003,12.808,false,322585.000,0.000,PIDFCoefficients(p=80.000000 i=20.000000 d=0.000000 f=0.000000 alg=PIDF)
074.437,,0.000,12.812,false,322585.000,0.000,PIDFCoefficients(p=80.000000 i=20.000000 d=0.000000 f=0.000000 alg=PIDF)
074.456,,0.003,12.812,false,322585.000,0.000,PIDFCoefficients(p=80.000000 i=20.000000 d=0.000000 f=0.000000 alg=PIDF)
074.479,,0.000,12.808,false,322585.000,0.000,PIDFCoefficients(p=80.000000 i=20.000000 d=0.000000 f=0.000000 alg=PIDF)
074.501,,0.000,12.812,false,322585.000,0.000,PIDFCoefficients(p=80.000000 i=20.000000 d=0.000000 f=0.000000 alg=PIDF)
074.523,,0.000,12.808,false,322585.000,0.000,PIDFCoefficients(p=80.000000 i=20.000000 d=0.000000 f=0.000000 alg=PIDF)
074.545,,0.000,12.812,false,322585.000,0.000,PIDFCoefficients(p=80.000000 i=20.000000 d=0.000000 f=0.000000 alg=PIDF)
074.570,,0.000,12.812,false,322585.000,0.000,PIDFCoefficients(p=80.000000 i=20.000000 d=0.000000 f=0.000000 alg=PIDF)
074.594,,0.000,12.808,false,322585.000,0.000,PIDFCoefficients(p=80.000000 i=20.000000 d=0.000000 f=0.000000 alg=PIDF)
074.614,,0.000,12.808,false,322585.000,0.000,PIDFCoefficients(p=80.000000 i=20.000000 d=0.000000 f=0.000000 alg=PIDF)
074.634,,0.000,12.812,false,322585.000,0.000,PIDFCoefficients(p=80.000000 i=20.000000 d=0.000000 f=0.000000 alg=PIDF)
074.652,,0.000,12.812,false,322585.000,0.000,PIDFCoefficients(p=80.000000 i=20.000000 d=0.000000 f=0.000000 alg=PIDF)
074.670,,0.003,12.812,false,322585.000,0.000,PIDFCoefficients(p=80.000000 i=20.000000 d=0.000000 f=0.000000 alg=PIDF)
074.689,,0.000,12.808,false,322585.000,0.000,PIDFCoefficients(p=80.000000 i=20.000000 d=0.000000 f=0.000000 alg=PIDF)
074.707,,0.000,12.808,false,322585.000,0.000,PIDFCoefficients(p=80.000000 i=20.000000 d=0.000000 f=0.000000 alg=PIDF)
074.725,,0.000,12.812,false,322585.000,0.000,PIDFCoefficients(p=80.000000 i=20.000000 d=0.000000 f=0.000000 alg=PIDF)
074.744,,0.000,12.808,false,322585.000,0.000,PIDFCoefficients(p=80.000000 i=20.000000 d=0.000000 f=0.000000 alg=PIDF)
074.763,,0.000,12.812,false,322585.000,0.000,PIDFCoefficients(p=80.000000 i=20.000000 d=0.000000 f=0.000000 alg=PIDF)
074.783,,0.000,12.808,false,322585.000,0.000,PIDFCoefficients(p=80.000000 i=20.000000 d=0.000000 f=0.000000 alg=PIDF)
074.803,,0.000,12.812,false,322585.000,0.000,PIDFCoefficients(p=80.000000 i=20.000000 d=0.000000 f=0.000000 alg=PIDF)
074.831,,0.000,12.804,false,322585.000,0.000,PIDFCoefficients(p=80.000000 i=20.000000 d=0.000000 f=0.000000 alg=PIDF)
074.854,,0.000,12.808,false,322585.000,0.000,PIDFCoefficients(p=80.000000 i=20.000000 d=0.000000 f=0.000000 alg=PIDF)
074.878,,0.000,12.804,false,322585.000,0.000,PIDFCoefficients(p=80.000000 i=20.000000 d=0.000000 f=0.000000 alg=PIDF)
074.897,,0.000,12.808,false,322585.000,0.000,PIDFCoefficients(p=80.000000 i=20.000000 d=0.000000 f=0.000000 alg=PIDF)
074.916,,0.000,12.812,false,322585.000,0.000,PIDFCoefficients(p=80.000000 i=20.000000 d=0.000000 f=0.000000 alg=PIDF)
074.936,,0.000,12.812,false,322585.000,0.000,PIDFCoefficients(p=80.000000 i=20.000000 d=0.000000 f=0.000000 alg=PIDF)
074.959,,0.000,12.812,false,322585.000,0.000,PIDFCoefficients(p=80.000000 i=20.000000 d=0.000000 f=0.000000 alg=PIDF)
074.981,,0.000,12.812,false,322585.000,0.000,PIDFCoefficients(p=80.000000 i=20.000000 d=0.000000 f=0.000000 alg=PIDF)
075.002,,0.000,12.812,false,322585.000,0.000,PIDFCoefficients(p=80.000000 i=20.000000 d=0.000000 f=0.000000 alg=PIDF)
075.022,,0.000,12.812,false,322585.000,0.000,PIDFCoefficients(p=80.000000 i=20.000000 d=0.000000 f=0.000000 alg=PIDF)
075.044,,0.003,12.812,false,322585.000,0.000,PIDFCoefficients(p=80.000000 i=20.000000 d=0.000000 f=0.000000 alg=PIDF)
075.071,,0.000,12.812,false,322585.000,0.000,PIDFCoefficients(p=80.000000 i=20.000000 d=0.000000 f=0.000000 alg=PIDF)
075.093,,0.000,12.804,false,322585.000,0.000,PIDFCoefficients(p=80.000000 i=20.000000 d=0.000000 f=0.000000 alg=PIDF)
075.113,,0.000,12.808,false,322585.000,0.000,PIDFCoefficients(p=80.000000 i=20.000000 d=0.000000 f=0.000000 alg=PIDF)
075.137,,0.003,12.808,false,322585.000,0.000,PIDFCoefficients(p=80.000000 i=20.000000 d=0.000000 f=0.000000 alg=PIDF)
075.156,,0.000,12.808,false,322585.000,0.000,PIDFCoefficients(p=80.000000 i=20.000000 d=0.000000 f=0.000000 alg=PIDF)
075.177,,0.000,12.812,false,322585.000,0.000,PIDFCoefficients(p=80.000000 i=20.000000 d=0.000000 f=0.000000 alg=PIDF)
075.205,,0.000,10.409,true,322586.000,0.000,PIDFCoefficients(p=80.000000 i=20.000000 d=0.000000 f=0.000000 alg=PIDF)
075.226,,4.414,10.077,true,322586.000,20.000,PIDFCoefficients(p=80.000000 i=20.000000 d=0.000000 f=0.000000 alg=PIDF)
075.247,,6.896,9.771,true,322587.000,40.000,PIDFCoefficients(p=80.000000 i=20.000000 d=0.000000 f=0.000000 alg=PIDF)
075.269,,7.771,10.051,true,322588.000,40.000,PIDFCoefficients(p=80.000000 i=20.000000 d=0.000000 f=0.000000 alg=PIDF)
075.291,,7.793,10.081,true,322590.000,60.000,PIDFCoefficients(p=80.000000 i=20.000000 d=0.000000 f=0.000000 alg=PIDF)
075.313,,7.829,9.967,true,322593.000,80.000,PIDFCoefficients(p=80.000000 i=20.000000 d=0.000000 f=0.000000 alg=PIDF)
075.333,,7.763,9.884,true,322595.000,100.000,PIDFCoefficients(p=80.000000 i=20.000000 d=0.000000 f=0.000000 alg=PIDF)
075.357,,7.785,9.858,true,322599.000,140.000,PIDFCoefficients(p=80.000000 i=20.000000 d=0.000000 f=0.000000 alg=PIDF)
075.377,,7.694,9.911,true,322602.000,140.000,PIDFCoefficients(p=80.000000 i=20.000000 d=0.000000 f=0.000000 alg=PIDF)
075.400,,7.694,9.946,true,322606.000,160.000,PIDFCoefficients(p=80.000000 i=20.000000 d=0.000000 f=0.000000 alg=PIDF)
075.420,,7.752,10.164,true,322610.000,180.000,PIDFCoefficients(p=80.000000 i=20.000000 d=0.000000 f=0.000000 alg=PIDF)
075.439,,7.581,10.103,true,322614.000,200.000,PIDFCoefficients(p=80.000000 i=20.000000 d=0.000000 f=0.000000 alg=PIDF)
075.459,,7.632,10.051,true,322619.000,220.000,PIDFCoefficients(p=80.000000 i=20.000000 d=0.000000 f=0.000000 alg=PIDF)
075.483,,7.592,10.116,true,322625.000,240.000,PIDFCoefficients(p=80.000000 i=20.000000 d=0.000000 f=0.000000 alg=PIDF)
075.505,,7.417,10.116,true,322631.000,260.000,PIDFCoefficients(p=80.000000 i=20.000000 d=0.000000 f=0.000000 alg=PIDF)
075.527,,7.377,10.085,true,322638.000,280.000,PIDFCoefficients(p=80.000000 i=20.000000 d=0.000000 f=0.000000 alg=PIDF)
075.550,,7.406,10.252,true,322645.000,300.000,PIDFCoefficients(p=80.000000 i=20.000000 d=0.000000 f=0.000000 alg=PIDF)
075.574,,7.297,10.182,true,322653.000,320.000,PIDFCoefficients(p=80.000000 i=20.000000 d=0.000000 f=0.000000 alg=PIDF)
075.600,,7.217,10.286,true,322662.000,360.000,PIDFCoefficients(p=80.000000 i=20.000000 d=0.000000 f=0.000000 alg=PIDF)
075.621,,7.166,10.304,true,322671.000,360.000,PIDFCoefficients(p=80.000000 i=20.000000 d=0.000000 f=0.000000 alg=PIDF)
075.642,,7.115,10.308,true,322680.000,380.000,PIDFCoefficients(p=80.000000 i=20.000000 d=0.000000 f=0.000000 alg=PIDF)
075.663,,7.009,10.339,true,322688.000,400.000,PIDFCoefficients(p=80.000000 i=20.000000 d=0.000000 f=0.000000 alg=PIDF)
075.682,,6.983,10.343,true,322697.000,400.000,PIDFCoefficients(p=80.000000 i=20.000000 d=0.000000 f=0.000000 alg=PIDF)
075.701,,6.976,10.418,true,322705.000,420.000,PIDFCoefficients(p=80.000000 i=20.000000 d=0.000000 f=0.000000 alg=PIDF)
075.720,,6.845,10.291,true,322714.000,440.000,PIDFCoefficients(p=80.000000 i=20.000000 d=0.000000 f=0.000000 alg=PIDF)
075.740,,6.859,10.378,true,322723.000,440.000,PIDFCoefficients(p=80.000000 i=20.000000 d=0.000000 f=0.000000 alg=PIDF)
075.759,,6.790,10.361,true,322733.000,460.000,PIDFCoefficients(p=80.000000 i=20.000000 d=0.000000 f=0.000000 alg=PIDF)
075.781,,6.765,10.444,true,322743.000,480.000,PIDFCoefficients(p=80.000000 i=20.000000 d=0.000000 f=0.000000 alg=PIDF)
075.800,,6.670,10.426,true,322754.000,500.000,PIDFCoefficients(p=80.000000 i=20.000000 d=0.000000 f=0.000000 alg=PIDF)
075.820,,6.655,10.426,true,322764.000,520.000,PIDFCoefficients(p=80.000000 i=20.000000 d=0.000000 f=0.000000 alg=PIDF)
075.840,,6.593,10.431,true,322776.000,540.000,PIDFCoefficients(p=80.000000 i=20.000000 d=0.000000 f=0.000000 alg=PIDF)
075.864,,6.550,10.470,true,322789.000,540.000,PIDFCoefficients(p=80.000000 i=20.000000 d=0.000000 f=0.000000 alg=PIDF)
075.884,,6.469,10.501,true,322801.000,560.000,PIDFCoefficients(p=80.000000 i=20.000000 d=0.000000 f=0.000000 alg=PIDF)
075.906,,6.429,10.505,true,322814.000,580.000,PIDFCoefficients(p=80.000000 i=20.000000 d=0.000000 f=0.000000 alg=PIDF)
075.926,,6.415,10.461,true,322826.000,600.000,PIDFCoefficients(p=80.000000 i=20.000000 d=0.000000 f=0.000000 alg=PIDF)
075.945,,6.349,10.536,true,322839.000,620.000,PIDFCoefficients(p=80.000000 i=20.000000 d=0.000000 f=0.000000 alg=PIDF)
075.967,,6.342,10.505,true,322852.000,640.000,PIDFCoefficients(p=80.000000 i=20.000000 d=0.000000 f=0.000000 alg=PIDF)
075.988,,6.251,10.553,true,322865.000,620.000,PIDFCoefficients(p=80.000000 i=20.000000 d=0.000000 f=0.000000 alg=PIDF)
076.007,,6.269,10.584,true,322879.000,660.000,PIDFCoefficients(p=80.000000 i=20.000000 d=0.000000 f=0.000000 alg=PIDF)
076.027,,6.207,10.588,true,322892.000,680.000,PIDFCoefficients(p=80.000000 i=20.000000 d=0.000000 f=0.000000 alg=PIDF)
076.049,,6.192,10.592,true,322907.000,680.000,PIDFCoefficients(p=80.000000 i=20.000000 d=0.000000 f=0.000000 alg=PIDF)
076.072,,6.119,10.562,true,322924.000,680.000,PIDFCoefficients(p=80.000000 i=20.000000 d=0.000000 f=0.000000 alg=PIDF)
076.094,,6.047,10.605,true,322940.000,720.000,PIDFCoefficients(p=80.000000 i=20.000000 d=0.000000 f=0.000000 alg=PIDF)
076.120,,6.010,10.610,true,322957.000,740.000,PIDFCoefficients(p=80.000000 i=20.000000 d=0.000000 f=0.000000 alg=PIDF)
076.149,,5.941,10.645,true,322979.000,740.000,PIDFCoefficients(p=80.000000 i=20.000000 d=0.000000 f=0.000000 alg=PIDF)
076.169,,5.930,10.658,true,322996.000,740.000,PIDFCoefficients(p=80.000000 i=20.000000 d=0.000000 f=0.000000 alg=PIDF)
076.190,,5.872,10.680,true,323012.000,780.000,PIDFCoefficients(p=80.000000 i=20.000000 d=0.000000 f=0.000000 alg=PIDF)
076.212,,5.846,10.662,true,323029.000,780.000,PIDFCoefficients(p=80.000000 i=20.000000 d=0.000000 f=0.000000 alg=PIDF)
076.236,,5.824,10.732,true,323048.000,800.000,PIDFCoefficients(p=80.000000 i=20.000000 d=0.000000 f=0.000000 alg=PIDF)
076.259,,5.744,10.728,true,323067.000,800.000,PIDFCoefficients(p=80.000000 i=20.000000 d=0.000000 f=0.000000 alg=PIDF)
076.280,,5.711,10.723,true,323086.000,820.000,PIDFCoefficients(p=80.000000 i=20.000000 d=0.000000 f=0.000000 alg=PIDF)
076.303,,5.689,10.750,true,323104.000,820.000,PIDFCoefficients(p=80.000000 i=20.000000 d=0.000000 f=0.000000 alg=PIDF)
076.325,,5.624,10.758,true,323124.000,840.000,PIDFCoefficients(p=80.000000 i=20.000000 d=0.000000 f=0.000000 alg=PIDF)
076.355,,5.598,10.728,true,323144.000,860.000,PIDFCoefficients(p=80.000000 i=20.000000 d=0.000000 f=0.000000 alg=PIDF)
076.382,,5.525,10.785,true,323174.000,880.000,PIDFCoefficients(p=80.000000 i=20.000000 d=0.000000 f=0.000000 alg=PIDF)
076.402,,5.503,10.802,true,323193.000,880.000,PIDFCoefficients(p=80.000000 i=20.000000 d=0.000000 f=0.000000 alg=PIDF)
076.424,,5.489,10.811,true,323213.000,880.000,PIDFCoefficients(p=80.000000 i=20.000000 d=0.000000 f=0.000000 alg=PIDF)
076.445,,5.434,10.793,true,323231.000,920.000,PIDFCoefficients(p=80.000000 i=20.000000 d=0.000000 f=0.000000 alg=PIDF)
076.467,,5.416,10.841,true,323252.000,920.000,PIDFCoefficients(p=80.000000 i=20.000000 d=0.000000 f=0.000000 alg=PIDF)
076.489,,5.405,10.833,true,323272.000,920.000,PIDFCoefficients(p=80.000000 i=20.000000 d=0.000000 f=0.000000 alg=PIDF)
076.511,,5.350,10.863,true,323294.000,940.000,PIDFCoefficients(p=80.000000 i=20.000000 d=0.000000 f=0.000000 alg=PIDF)
076.533,,5.325,10.846,true,323314.000,940.000,PIDFCoefficients(p=80.000000 i=20.000000 d=0.000000 f=0.000000 alg=PIDF)
076.554,,5.303,10.872,true,323335.000,960.000,PIDFCoefficients(p=80.000000 i=20.000000 d=0.000000 f=0.000000 alg=PIDF)
076.578,,5.274,10.872,true,323358.000,980.000,PIDFCoefficients(p=80.000000 i=20.000000 d=0.000000 f=0.000000 alg=PIDF)
076.601,,5.230,10.881,true,323380.000,980.000,PIDFCoefficients(p=80.000000 i=20.000000 d=0.000000 f=0.000000 alg=PIDF)
076.629,,5.168,10.903,true,323407.000,980.000,PIDFCoefficients(p=80.000000 i=20.000000 d=0.000000 f=0.000000 alg=PIDF)
076.650,,5.161,10.916,true,323431.000,1000.000,PIDFCoefficients(p=80.000000 i=20.000000 d=0.000000 f=0.000000 alg=PIDF)
076.669,,5.143,10.938,true,323451.000,1020.000,PIDFCoefficients(p=80.000000 i=20.000000 d=0.000000 f=0.000000 alg=PIDF)
076.689,,5.110,10.911,true,323470.000,1040.000,PIDFCoefficients(p=80.000000 i=20.000000 d=0.000000 f=0.000000 alg=PIDF)
076.711,,5.066,10.925,true,323493.000,1020.000,PIDFCoefficients(p=80.000000 i=20.000000 d=0.000000 f=0.000000 alg=PIDF)
076.732,,5.051,10.977,true,323516.000,1040.000,PIDFCoefficients(p=80.000000 i=20.000000 d=0.000000 f=0.000000 alg=PIDF)
076.755,,5.011,10.942,true,323540.000,1060.000,PIDFCoefficients(p=80.000000 i=20.000000 d=0.000000 f=0.000000 alg=PIDF)
076.778,,5.004,10.977,true,323564.000,1060.000,PIDFCoefficients(p=80.000000 i=20.000000 d=0.000000 f=0.000000 alg=PIDF)
076.800,,4.975,10.959,true,323588.000,1080.000,PIDFCoefficients(p=80.000000 i=20.000000 d=0.000000 f=0.000000 alg=PIDF)
076.824,,4.949,10.986,true,323612.000,1060.000,PIDFCoefficients(p=80.000000 i=20.000000 d=0.000000 f=0.000000 alg=PIDF)
076.851,,4.931,10.994,true,323637.000,1080.000,PIDFCoefficients(p=80.000000 i=20.000000 d=0.000000 f=0.000000 alg=PIDF)
076.880,,4.880,11.012,true,323673.000,1100.000,PIDFCoefficients(p=80.000000 i=20.000000 d=0.000000 f=0.000000 alg=PIDF)
076.902,,4.840,11.029,true,323702.000,1100.000,PIDFCoefficients(p=80.000000 i=20.000000 d=0.000000 f=0.000000 alg=PIDF)
076.921,,4.818,11.029,true,323724.000,1120.000,PIDFCoefficients(p=80.000000 i=20.000000 d=0.000000 f=0.000000 alg=PIDF)
076.945,,4.818,11.034,true,323748.000,1140.000,PIDFCoefficients(p=80.000000 i=20.000000 d=0.000000 f=0.000000 alg=PIDF)
076.964,,4.789,11.038,true,323772.000,1120.000,PIDFCoefficients(p=80.000000 i=20.000000 d=0.000000 f=0.000000 alg=PIDF)
076.985,,4.756,11.016,true,323794.000,1140.000,PIDFCoefficients(p=80.000000 i=20.000000 d=0.000000 f=0.000000 alg=PIDF)
077.004,,4.738,11.038,true,323818.000,1140.000,PIDFCoefficients(p=80.000000 i=20.000000 d=0.000000 f=0.000000 alg=PIDF)
077.023,,4.705,11.077,true,323840.000,1140.000,PIDFCoefficients(p=80.000000 i=20.000000 d=0.000000 f=0.000000 alg=PIDF)
077.043,,4.709,11.056,true,323863.000,1160.000,PIDFCoefficients(p=80.000000 i=20.000000 d=0.000000 f=0.000000 alg=PIDF)
077.065,,4.672,11.077,true,323887.000,1160.000,PIDFCoefficients(p=80.000000 i=20.000000 d=0.000000 f=0.000000 alg=PIDF)
077.089,,4.643,11.091,true,323916.000,1180.000,PIDFCoefficients(p=80.000000 i=20.000000 d=0.000000 f=0.000000 alg=PIDF)
077.115,,4.636,11.086,true,323946.000,1180.000,PIDFCoefficients(p=80.000000 i=20.000000 d=0.000000 f=0.000000 alg=PIDF)
077.143,,4.610,11.104,true,323979.000,1180.000,PIDFCoefficients(p=80.000000 i=20.000000 d=0.000000 f=0.000000 alg=PIDF)
077.165,,4.578,11.099,true,324005.000,1220.000,PIDFCoefficients(p=80.000000 i=20.000000 d=0.000000 f=0.000000 alg=PIDF)
077.185,,4.556,11.104,true,324032.000,1220.000,PIDFCoefficients(p=80.000000 i=20.000000 d=0.000000 f=0.000000 alg=PIDF)
077.208,,4.541,11.126,true,324059.000,1200.000,PIDFCoefficients(p=80.000000 i=20.000000 d=0.000000 f=0.000000 alg=PIDF)
077.231,,4.530,11.139,true,324088.000,1220.000,PIDFCoefficients(p=80.000000 i=20.000000 d=0.000000 f=0.000000 alg=PIDF)
077.253,,4.494,11.139,true,324114.000,1180.000,PIDFCoefficients(p=80.000000 i=20.000000 d=0.000000 f=0.000000 alg=PIDF)
077.274,,4.486,11.134,true,324140.000,1200.000,PIDFCoefficients(p=80.000000 i=20.000000 d=0.000000 f=0.000000 alg=PIDF)
077.295,,4.461,11.143,true,324166.000,1260.000,PIDFCoefficients(p=80.000000 i=20.000000 d=0.000000 f=0.000000 alg=PIDF)
077.318,,4.443,11.156,true,324194.000,1260.000,PIDFCoefficients(p=80.000000 i=20.000000 d=0.000000 f=0.000000 alg=PIDF)
077.343,,4.421,11.165,true,324223.000,1260.000,PIDFCoefficients(p=80.000000 i=20.000000 d=0.000000 f=0.000000 alg=PIDF)
077.366,,4.395,11.152,true,324254.000,1260.000,PIDFCoefficients(p=80.000000 i=20.000000 d=0.000000 f=0.000000 alg=PIDF)
077.389,,4.370,11.160,true,324284.000,1260.000,PIDFCoefficients(p=80.000000 i=20.000000 d=0.000000 f=0.000000 alg=PIDF)
077.410,,4.344,11.187,true,324314.000,1280.000,PIDFCoefficients(p=80.000000 i=20.000000 d=0.000000 f=0.000000 alg=PIDF)
077.429,,4.341,11.182,true,324338.000,1280.000,PIDFCoefficients(p=80.000000 i=20.000000 d=0.000000 f=0.000000 alg=PIDF)
077.450,,4.304,11.187,true,324365.000,1280.000,PIDFCoefficients(p=80.000000 i=20.000000 d=0.000000 f=0.000000 alg=PIDF)
077.469,,4.301,11.204,true,324389.000,1300.000,PIDFCoefficients(p=80.000000 i=20.000000 d=0.000000 f=0.000000 alg=PIDF)
077.488,,4.282,11.178,true,324414.000,1280.000,PIDFCoefficients(p=80.000000 i=20.000000 d=0.000000 f=0.000000 alg=PIDF)
077.506,,4.275,11.204,true,324439.000,1280.000,PIDFCoefficients(p=80.000000 i=20.000000 d=0.000000 f=0.000000 alg=PIDF)
077.525,,4.261,11.195,true,324464.000,1320.000,PIDFCoefficients(p=80.000000 i=20.000000 d=0.000000 f=0.000000 alg=PIDF)
077.544,,4.239,11.200,true,324488.000,1300.000,PIDFCoefficients(p=80.000000 i=20.000000 d=0.000000 f=0.000000 alg=PIDF)
077.563,,4.228,11.217,true,324513.000,1340.000,PIDFCoefficients(p=80.000000 i=20.000000 d=0.000000 f=0.000000 alg=PIDF)
077.582,,4.206,11.226,true,324538.000,1300.000,PIDFCoefficients(p=80.000000 i=20.000000 d=0.000000 f=0.000000 alg=PIDF)
077.602,,4.191,11.230,true,324564.000,1340.000,PIDFCoefficients(p=80.000000 i=20.000000 d=0.000000 f=0.000000 alg=PIDF)
077.622,,4.177,11.239,true,324590.000,1320.000,PIDFCoefficients(p=80.000000 i=20.000000 d=0.000000 f=0.000000 alg=PIDF)
077.643,,4.158,11.226,true,324620.000,1340.000,PIDFCoefficients(p=80.000000 i=20.000000 d=0.000000 f=0.000000 alg=PIDF)
077.662,,4.155,11.252,true,324646.000,1340.000,PIDFCoefficients(p=80.000000 i=20.000000 d=0.000000 f=0.000000 alg=PIDF)
077.683,,4.140,11.248,true,324674.000,1340.000,PIDFCoefficients(p=80.000000 i=20.000000 d=0.000000 f=0.000000 alg=PIDF)
077.704,,4.126,11.248,true,324700.000,1340.000,PIDFCoefficients(p=80.000000 i=20.000000 d=0.000000 f=0.000000 alg=PIDF)
077.723,,4.115,11.248,true,324728.000,1360.000,PIDFCoefficients(p=80.000000 i=20.000000 d=0.000000 f=0.000000 alg=PIDF)
077.743,,4.104,11.257,true,324755.000,1360.000,PIDFCoefficients(p=80.000000 i=20.000000 d=0.000000 f=0.000000 alg=PIDF)
077.761,,4.078,11.265,true,324782.000,1360.000,PIDFCoefficients(p=80.000000 i=20.000000 d=0.000000 f=0.000000 alg=PIDF)
077.782,,4.060,11.261,true,324809.000,1360.000,PIDFCoefficients(p=80.000000 i=20.000000 d=0.000000 f=0.000000 alg=PIDF)
077.804,,4.053,11.265,true,324838.000,1380.000,PIDFCoefficients(p=80.000000 i=20.000000 d=0.000000 f=0.000000 alg=PIDF)
077.828,,4.042,11.270,true,324870.000,1380.000,PIDFCoefficients(p=80.000000 i=20.000000 d=0.000000 f=0.000000 alg=PIDF)
077.852,,4.027,11.274,true,324902.000,1380.000,PIDFCoefficients(p=80.000000 i=20.000000 d=0.000000 f=0.000000 alg=PIDF)
077.877,,4.016,11.278,true,324937.000,1400.000,PIDFCoefficients(p=80.000000 i=20.000000 d=0.000000 f=0.000000 alg=PIDF)
077.898,,3.998,11.278,true,324972.000,1400.000,PIDFCoefficients(p=80.000000 i=20.000000 d=0.000000 f=0.000000 alg=PIDF)
077.920,,3.987,11.287,true,325002.000,1380.000,PIDFCoefficients(p=80.000000 i=20.000000 d=0.000000 f=0.000000 alg=PIDF)
077.941,,3.980,11.296,true,325031.000,1420.000,PIDFCoefficients(p=80.000000 i=20.000000 d=0.000000 f=0.000000 alg=PIDF)
077.966,,3.951,11.309,true,325065.000,1440.000,PIDFCoefficients(p=80.000000 i=20.000000 d=0.000000 f=0.000000 alg=PIDF)
077.988,,3.943,11.305,true,325097.000,1400.000,PIDFCoefficients(p=80.000000 i=20.000000 d=0.000000 f=0.000000 alg=PIDF)
078.009,,3.943,11.305,true,325128.000,1400.000,PIDFCoefficients(p=80.000000 i=20.000000 d=0.000000 f=0.000000 alg=PIDF)
078.028,,3.925,11.313,true,325156.000,1440.000,PIDFCoefficients(p=80.000000 i=20.000000 d=0.000000 f=0.000000 alg=PIDF)
078.049,,3.918,11.322,true,325184.000,1440.000,PIDFCoefficients(p=80.000000 i=20.000000 d=0.000000 f=0.000000 alg=PIDF)
078.072,,3.907,11.318,true,325219.000,1460.000,PIDFCoefficients(p=80.000000 i=20.000000 d=0.000000 f=0.000000 alg=PIDF)
078.097,,3.878,11.331,true,325254.000,1460.000,PIDFCoefficients(p=80.000000 i=20.000000 d=0.000000 f=0.000000 alg=PIDF)
078.122,,3.860,11.348,true,325288.000,1440.000,PIDFCoefficients(p=80.000000 i=20.000000 d=0.000000 f=0.000000 alg=PIDF)
078.150,,3.852,11.344,true,325330.000,1440.000,PIDFCoefficients(p=80.000000 i=20.000000 d=0.000000 f=0.000000 alg=PIDF)
078.171,,3.830,11.348,true,325363.000,1460.000,PIDFCoefficients(p=80.000000 i=20.000000 d=0.000000 f=0.000000 alg=PIDF)
078.194,,3.827,11.344,true,325396.000,1460.000,PIDFCoefficients(p=80.000000 i=20.000000 d=0.000000 f=0.000000 alg=PIDF)
078.217,,3.812,11.357,true,325428.000,1480.000,PIDFCoefficients(p=80.000000 i=20.000000 d=0.000000 f=0.000000 alg=PIDF)
078.238,,3.809,11.344,true,325460.000,1440.000,PIDFCoefficients(p=80.000000 i=20.000000 d=0.000000 f=0.000000 alg=PIDF)
078.260,,3.790,11.344,true,325493.000,1480.000,PIDFCoefficients(p=80.000000 i=20.000000 d=0.000000 f=0.000000 alg=PIDF)
078.282,,3.794,11.357,true,325525.000,1460.000,PIDFCoefficients(p=80.000000 i=20.000000 d=0.000000 f=0.000000 alg=PIDF)
078.311,,3.772,11.383,true,325564.000,1480.000,PIDFCoefficients(p=80.000000 i=20.000000 d=0.000000 f=0.000000 alg=PIDF)
078.335,,3.757,11.379,true,325601.000,1500.000,PIDFCoefficients(p=80.000000 i=20.000000 d=0.000000 f=0.000000 alg=PIDF)
078.359,,3.739,11.379,true,325637.000,1480.000,PIDFCoefficients(p=80.000000 i=20.000000 d=0.000000 f=0.000000 alg=PIDF)
078.382,,3.732,11.375,true,325674.000,1500.000,PIDFCoefficients(p=80.000000 i=20.000000 d=0.000000 f=0.000000 alg=PIDF)
078.413,,3.717,11.370,true,325709.000,1500.000,PIDFCoefficients(p=80.000000 i=20.000000 d=0.000000 f=0.000000 alg=PIDF)
078.438,,3.706,11.375,true,325760.000,1500.000,PIDFCoefficients(p=80.000000 i=20.000000 d=0.000000 f=0.000000 alg=PIDF)
078.463,,3.696,11.388,true,325794.000,1500.000,PIDFCoefficients(p=80.000000 i=20.000000 d=0.000000 f=0.000000 alg=PIDF)
078.485,,3.677,11.392,true,325832.000,1520.000,PIDFCoefficients(p=80.000000 i=20.000000 d=0.000000 f=0.000000 alg=PIDF)
078.504,,3.670,11.379,true,325861.000,1520.000,PIDFCoefficients(p=80.000000 i=20.000000 d=0.000000 f=0.000000 alg=PIDF)
078.521,,3.666,11.392,true,325888.000,1520.000,PIDFCoefficients(p=80.000000 i=20.000000 d=0.000000 f=0.000000 alg=PIDF)
078.539,,3.655,11.388,true,325914.000,1520.000,PIDFCoefficients(p=80.000000 i=20.000000 d=0.000000 f=0.000000 alg=PIDF)
078.558,,3.655,11.405,true,325943.000,1520.000,PIDFCoefficients(p=80.000000 i=20.000000 d=0.000000 f=0.000000 alg=PIDF)
078.578,,3.648,11.410,true,325973.000,1520.000,PIDFCoefficients(p=80.000000 i=20.000000 d=0.000000 f=0.000000 alg=PIDF)
078.599,,3.637,11.405,true,326006.000,1520.000,PIDFCoefficients(p=80.000000 i=20.000000 d=0.000000 f=0.000000 alg=PIDF)
078.622,,3.626,11.396,true,326037.000,1520.000,PIDFCoefficients(p=80.000000 i=20.000000 d=0.000000 f=0.000000 alg=PIDF)
078.647,,3.619,11.392,true,326074.000,1540.000,PIDFCoefficients(p=80.000000 i=20.000000 d=0.000000 f=0.000000 alg=PIDF)
078.668,,3.612,11.414,true,326109.000,1540.000,PIDFCoefficients(p=80.000000 i=20.000000 d=0.000000 f=0.000000 alg=PIDF)
078.689,,3.593,11.418,true,326144.000,1540.000,PIDFCoefficients(p=80.000000 i=20.000000 d=0.000000 f=0.000000 alg=PIDF)
078.711,,3.597,11.423,true,326179.000,1540.000,PIDFCoefficients(p=80.000000 i=20.000000 d=0.000000 f=0.000000 alg=PIDF)
078.732,,3.583,11.410,true,326211.000,1540.000,PIDFCoefficients(p=80.000000 i=20.000000 d=0.000000 f=0.000000 alg=PIDF)
078.751,,3.579,11.431,true,326241.000,1560.000,PIDFCoefficients(p=80.000000 i=20.000000 d=0.000000 f=0.000000 alg=PIDF)
078.771,,3.564,11.440,true,326271.000,1540.000,PIDFCoefficients(p=80.000000 i=20.000000 d=0.000000 f=0.000000 alg=PIDF)
078.796,,3.561,11.431,true,326309.000,1560.000,PIDFCoefficients(p=80.000000 i=20.000000 d=0.000000 f=0.000000 alg=PIDF)
078.818,,3.557,11.431,true,326343.000,1560.000,PIDFCoefficients(p=80.000000 i=20.000000 d=0.000000 f=0.000000 alg=PIDF)
078.841,,3.550,11.436,true,326378.000,1560.000,PIDFCoefficients(p=80.000000 i=20.000000 d=0.000000 f=0.000000 alg=PIDF)
078.863,,3.535,11.458,true,326414.000,1540.000,PIDFCoefficients(p=80.000000 i=20.000000 d=0.000000 f=0.000000 alg=PIDF)
078.886,,3.524,11.445,true,326447.000,1580.000,PIDFCoefficients(p=80.000000 i=20.000000 d=0.000000 f=0.000000 alg=PIDF)
078.911,,3.517,11.445,true,326486.000,1580.000,PIDFCoefficients(p=80.000000 i=20.000000 d=0.000000 f=0.000000 alg=PIDF)
078.934,,3.506,11.458,true,326524.000,1580.000,PIDFCoefficients(p=80.000000 i=20.000000 d=0.000000 f=0.000000 alg=PIDF)
078.960,,3.491,11.458,true,326566.000,1580.000,PIDFCoefficients(p=80.000000 i=20.000000 d=0.000000 f=0.000000 alg=PIDF)
078.981,,3.495,11.445,true,326600.000,1580.000,PIDFCoefficients(p=80.000000 i=20.000000 d=0.000000 f=0.000000 alg=PIDF)
079.005,,3.495,11.466,true,326638.000,1580.000,PIDFCoefficients(p=80.000000 i=20.000000 d=0.000000 f=0.000000 alg=PIDF)
079.026,,3.477,11.475,true,326671.000,1580.000,PIDFCoefficients(p=80.000000 i=20.000000 d=0.000000 f=0.000000 alg=PIDF)
079.047,,3.462,11.462,true,326706.000,1580.000,PIDFCoefficients(p=80.000000 i=20.000000 d=0.000000 f=0.000000 alg=PIDF)
079.069,,3.477,11.453,true,326740.000,1600.000,PIDFCoefficients(p=80.000000 i=20.000000 d=0.000000 f=0.000000 alg=PIDF)
079.091,,3.462,11.488,true,326774.000,1600.000,PIDFCoefficients(p=80.000000 i=20.000000 d=0.000000 f=0.000000 alg=PIDF)
079.112,,3.440,11.466,true,326809.000,1600.000,PIDFCoefficients(p=80.000000 i=20.000000 d=0.000000 f=0.000000 alg=PIDF)
079.143,,3.459,11.462,true,326858.000,1600.000,PIDFCoefficients(p=80.000000 i=20.000000 d=0.000000 f=0.000000 alg=PIDF)
079.162,,3.429,11.488,true,326891.000,1600.000,PIDFCoefficients(p=80.000000 i=20.000000 d=0.000000 f=0.000000 alg=PIDF)
079.181,,3.335,11.637,true,326922.000,1620.000,PIDFCoefficients(p=80.000000 i=20.000000 d=0.000000 f=0.000000 alg=PIDF)
079.203,,3.182,11.637,true,326954.000,1600.000,PIDFCoefficients(p=80.000000 i=20.000000 d=0.000000 f=0.000000 alg=PIDF)
079.225,,3.112,11.641,true,326989.000,1600.000,PIDFCoefficients(p=80.000000 i=20.000000 d=0.000000 f=0.000000 alg=PIDF)
079.247,,3.211,11.558,true,327025.000,1600.000,PIDFCoefficients(p=80.000000 i=20.000000 d=0.000000 f=0.000000 alg=PIDF)
079.269,,3.269,11.532,true,327060.000,1600.000,PIDFCoefficients(p=80.000000 i=20.000000 d=0.000000 f=0.000000 alg=PIDF)
079.288,,3.302,11.702,true,327093.000,1600.000,PIDFCoefficients(p=80.000000 i=20.000000 d=0.000000 f=0.000000 alg=PIDF)
079.307,,3.076,11.711,true,327124.000,1620.000,PIDFCoefficients(p=80.000000 i=20.000000 d=0.000000 f=0.000000 alg=PIDF)
079.327,,2.992,11.720,true,327155.000,1600.000,PIDFCoefficients(p=80.000000 i=20.000000 d=0.000000 f=0.000000 alg=PIDF)
079.349,,2.959,11.707,true,327188.000,1600.000,PIDFCoefficients(p=80.000000 i=20.000000 d=0.000000 f=0.000000 alg=PIDF)
079.373,,2.948,11.715,true,327226.000,1620.000,PIDFCoefficients(p=80.000000 i=20.000000 d=0.000000 f=0.000000 alg=PIDF)
079.402,,2.883,11.807,true,327273.000,1620.000,PIDFCoefficients(p=80.000000 i=20.000000 d=0.000000 f=0.000000 alg=PIDF)
079.422,,2.726,11.825,true,327310.000,1620.000,PIDFCoefficients(p=80.000000 i=20.000000 d=0.000000 f=0.000000 alg=PIDF)
079.442,,2.711,11.825,true,327342.000,1620.000,PIDFCoefficients(p=80.000000 i=20.000000 d=0.000000 f=0.000000 alg=PIDF)
079.464,,2.708,11.812,true,327377.000,1620.000,PIDFCoefficients(p=80.000000 i=20.000000 d=0.000000 f=0.000000 alg=PIDF)
079.485,,2.700,11.829,true,327412.000,1620.000,PIDFCoefficients(p=80.000000 i=20.000000 d=0.000000 f=0.000000 alg=PIDF)
079.506,,2.642,11.882,true,327445.000,1620.000,PIDFCoefficients(p=80.000000 i=20.000000 d=0.000000 f=0.000000 alg=PIDF)
079.525,,2.602,11.864,true,327476.000,1600.000,PIDFCoefficients(p=80.000000 i=20.000000 d=0.000000 f=0.000000 alg=PIDF)
079.544,,2.595,11.724,true,327507.000,1600.000,PIDFCoefficients(p=80.000000 i=20.000000 d=0.000000 f=0.000000 alg=PIDF)
079.563,,2.824,11.720,true,327537.000,1620.000,PIDFCoefficients(p=80.000000 i=20.000000 d=0.000000 f=0.000000 alg=PIDF)
079.582,,2.908,11.715,true,327567.000,1620.000,PIDFCoefficients(p=80.000000 i=20.000000 d=0.000000 f=0.000000 alg=PIDF)
079.604,,2.813,11.912,true,327602.000,1620.000,PIDFCoefficients(p=80.000000 i=20.000000 d=0.000000 f=0.000000 alg=PIDF)
079.626,,2.555,11.934,true,327637.000,1620.000,PIDFCoefficients(p=80.000000 i=20.000000 d=0.000000 f=0.000000 alg=PIDF)
079.652,,2.482,11.925,true,327672.000,1620.000,PIDFCoefficients(p=80.000000 i=20.000000 d=0.000000 f=0.000000 alg=PIDF)
079.676,,2.460,11.916,true,327717.000,1600.000,PIDFCoefficients(p=80.000000 i=20.000000 d=0.000000 f=0.000000 alg=PIDF)
079.698,,2.460,11.934,true,327751.000,1600.000,PIDFCoefficients(p=80.000000 i=20.000000 d=0.000000 f=0.000000 alg=PIDF)
079.719,,2.533,11.816,true,327787.000,1600.000,PIDFCoefficients(p=80.000000 i=20.000000 d=0.000000 f=0.000000 alg=PIDF)
079.743,,2.671,11.820,true,327821.000,1600.000,PIDFCoefficients(p=80.000000 i=20.000000 d=0.000000 f=0.000000 alg=PIDF)
079.761,,2.613,11.986,true,327857.000,1620.000,PIDFCoefficients(p=80.000000 i=20.000000 d=0.000000 f=0.000000 alg=PIDF)
079.780,,2.416,11.973,true,327887.000,1600.000,PIDFCoefficients(p=80.000000 i=20.000000 d=0.000000 f=0.000000 alg=PIDF)
079.800,,2.387,11.978,true,327918.000,1620.000,PIDFCoefficients(p=80.000000 i=20.000000 d=0.000000 f=0.000000 alg=PIDF)
079.818,,2.361,11.978,true,327948.000,1620.000,PIDFCoefficients(p=80.000000 i=20.000000 d=0.000000 f=0.000000 alg=PIDF)
079.840,,2.354,11.978,true,327980.000,1600.000,PIDFCoefficients(p=80.000000 i=20.000000 d=0.000000 f=0.000000 alg=PIDF)
079.863,,2.391,11.864,true,328015.000,1600.000,PIDFCoefficients(p=80.000000 i=20.000000 d=0.000000 f=0.000000 alg=PIDF)
079.887,,2.555,11.868,true,328052.000,1600.000,PIDFCoefficients(p=80.000000 i=20.000000 d=0.000000 f=0.000000 alg=PIDF)
079.911,,2.595,11.676,true,328093.000,1580.000,PIDFCoefficients(p=80.000000 i=20.000000 d=0.000000 f=0.000000 alg=PIDF)
079.933,,2.901,11.637,true,328128.000,1580.000,PIDFCoefficients(p=80.000000 i=20.000000 d=0.000000 f=0.000000 alg=PIDF)
079.956,,3.036,11.646,true,328165.000,1600.000,PIDFCoefficients(p=80.000000 i=20.000000 d=0.000000 f=0.000000 alg=PIDF)
079.982,,3.080,11.816,true,328206.000,1600.000,PIDFCoefficients(p=80.000000 i=20.000000 d=0.000000 f=0.000000 alg=PIDF)
080.003,,2.799,11.807,true,328241.000,1600.000,PIDFCoefficients(p=80.000000 i=20.000000 d=0.000000 f=0.000000 alg=PIDF)
080.027,,2.751,11.812,true,328279.000,1600.000,PIDFCoefficients(p=80.000000 i=20.000000 d=0.000000 f=0.000000 alg=PIDF)
080.048,,2.737,11.825,true,328313.000,1580.000,PIDFCoefficients(p=80.000000 i=20.000000 d=0.000000 f=0.000000 alg=PIDF)
080.069,,2.733,11.812,true,328347.000,1600.000,PIDFCoefficients(p=80.000000 i=20.000000 d=0.000000 f=0.000000 alg=PIDF)
080.090,,2.744,11.816,true,328381.000,1620.000,PIDFCoefficients(p=80.000000 i=20.000000 d=0.000000 f=0.000000 alg=PIDF)
080.115,,2.733,11.825,true,328420.000,1600.000,PIDFCoefficients(p=80.000000 i=20.000000 d=0.000000 f=0.000000 alg=PIDF)
080.148,,2.638,11.965,true,328455.000,1600.000,PIDFCoefficients(p=80.000000 i=20.000000 d=0.000000 f=0.000000 alg=PIDF)
080.169,,2.405,11.759,true,328507.000,1600.000,PIDFCoefficients(p=80.000000 i=20.000000 d=0.000000 f=0.000000 alg=PIDF)
080.189,,2.496,11.663,true,328538.000,1600.000,PIDFCoefficients(p=80.000000 i=20.000000 d=0.000000 f=0.000000 alg=PIDF)
080.209,,2.926,11.646,true,328570.000,1600.000,PIDFCoefficients(p=80.000000 i=20.000000 d=0.000000 f=0.000000 alg=PIDF)
080.232,,3.054,11.956,true,328607.000,1620.000,PIDFCoefficients(p=80.000000 i=20.000000 d=0.000000 f=0.000000 alg=PIDF)
080.259,,2.525,11.978,true,328641.000,1600.000,PIDFCoefficients(p=80.000000 i=20.000000 d=0.000000 f=0.000000 alg=PIDF)
080.281,,2.412,11.868,true,328685.000,1600.000,PIDFCoefficients(p=80.000000 i=20.000000 d=0.000000 f=0.000000 alg=PIDF)
080.305,,2.573,11.855,true,328722.000,1580.000,PIDFCoefficients(p=80.000000 i=20.000000 d=0.000000 f=0.000000 alg=PIDF)
080.327,,2.609,11.864,true,328759.000,1580.000,PIDFCoefficients(p=80.000000 i=20.000000 d=0.000000 f=0.000000 alg=PIDF)
080.351,,2.799,11.650,true,328792.000,1580.000,PIDFCoefficients(p=80.000000 i=20.000000 d=0.000000 f=0.000000 alg=PIDF)
080.373,,3.061,11.637,true,328832.000,1600.000,PIDFCoefficients(p=80.000000 i=20.000000 d=0.000000 f=0.000000 alg=PIDF)
080.396,,2.996,11.816,true,328866.000,1600.000,PIDFCoefficients(p=80.000000 i=20.000000 d=0.000000 f=0.000000 alg=PIDF)
080.419,,2.813,11.816,true,328906.000,1600.000,PIDFCoefficients(p=80.000000 i=20.000000 d=0.000000 f=0.000000 alg=PIDF)
080.438,,2.762,11.794,true,328937.000,1600.000,PIDFCoefficients(p=80.000000 i=20.000000 d=0.000000 f=0.000000 alg=PIDF)
080.457,,2.755,11.816,true,328968.000,1580.000,PIDFCoefficients(p=80.000000 i=20.000000 d=0.000000 f=0.000000 alg=PIDF)
080.478,,2.744,11.820,true,328999.000,1600.000,PIDFCoefficients(p=80.000000 i=20.000000 d=0.000000 f=0.000000 alg=PIDF)
080.502,,2.850,11.632,true,329038.000,1580.000,PIDFCoefficients(p=80.000000 i=20.000000 d=0.000000 f=0.000000 alg=PIDF)
080.523,,3.039,11.646,true,329072.000,1580.000,PIDFCoefficients(p=80.000000 i=20.000000 d=0.000000 f=0.000000 alg=PIDF)
080.547,,3.080,11.803,true,329110.000,1600.000,PIDFCoefficients(p=80.000000 i=20.000000 d=0.000000 f=0.000000 alg=PIDF)
080.569,,2.864,11.803,true,329145.000,1600.000,PIDFCoefficients(p=80.000000 i=20.000000 d=0.000000 f=0.000000 alg=PIDF)
080.593,,2.784,11.812,true,329182.000,1600.000,PIDFCoefficients(p=80.000000 i=20.000000 d=0.000000 f=0.000000 alg=PIDF)
080.615,,2.741,11.820,true,329219.000,1600.000,PIDFCoefficients(p=80.000000 i=20.000000 d=0.000000 f=0.000000 alg=PIDF)
080.635,,2.730,11.812,true,329251.000,1600.000,PIDFCoefficients(p=80.000000 i=20.000000 d=0.000000 f=0.000000 alg=PIDF)
080.657,,2.741,11.807,true,329284.000,1600.000,PIDFCoefficients(p=80.000000 i=20.000000 d=0.000000 f=0.000000 alg=PIDF)
080.681,,2.733,11.816,true,329322.000,1600.000,PIDFCoefficients(p=80.000000 i=20.000000 d=0.000000 f=0.000000 alg=PIDF)
080.704,,2.719,11.812,true,329358.000,1600.000,PIDFCoefficients(p=80.000000 i=20.000000 d=0.000000 f=0.000000 alg=PIDF)
080.725,,2.741,11.803,true,329394.000,1600.000,PIDFCoefficients(p=80.000000 i=20.000000 d=0.000000 f=0.000000 alg=PIDF)
080.747,,2.737,11.816,true,329428.000,1600.000,PIDFCoefficients(p=80.000000 i=20.000000 d=0.000000 f=0.000000 alg=PIDF)
080.768,,2.635,11.973,true,329462.000,1600.000,PIDFCoefficients(p=80.000000 i=20.000000 d=0.000000 f=0.000000 alg=PIDF)
080.790,,2.442,11.956,true,329497.000,1600.000,PIDFCoefficients(p=80.000000 i=20.000000 d=0.000000 f=0.000000 alg=PIDF)
080.811,,2.394,11.825,true,329532.000,1600.000,PIDFCoefficients(p=80.000000 i=20.000000 d=0.000000 f=0.000000 alg=PIDF)
080.833,,2.653,11.816,true,329566.000,1600.000,PIDFCoefficients(p=80.000000 i=20.000000 d=0.000000 f=0.000000 alg=PIDF)
080.855,,2.730,11.807,true,329600.000,1600.000,PIDFCoefficients(p=80.000000 i=20.000000 d=0.000000 f=0.000000 alg=PIDF)
080.878,,2.748,11.807,true,329636.000,1580.000,PIDFCoefficients(p=80.000000 i=20.000000 d=0.000000 f=0.000000 alg=PIDF)
080.901,,2.741,11.816,true,329674.000,1600.000,PIDFCoefficients(p=80.000000 i=20.000000 d=0.000000 f=0.000000 alg=PIDF)
080.922,,2.854,11.632,true,329710.000,1580.000,PIDFCoefficients(p=80.000000 i=20.000000 d=0.000000 f=0.000000 alg=PIDF)
080.944,,3.036,11.646,true,329743.000,1600.000,PIDFCoefficients(p=80.000000 i=20.000000 d=0.000000 f=0.000000 alg=PIDF)
080.965,,3.069,11.921,true,329777.000,1620.000,PIDFCoefficients(p=80.000000 i=20.000000 d=0.000000 f=0.000000 alg=PIDF)
080.984,,2.642,11.969,true,329809.000,1600.000,PIDFCoefficients(p=80.000000 i=20.000000 d=0.000000 f=0.000000 alg=PIDF)
081.006,,2.449,11.956,true,329844.000,1600.000,PIDFCoefficients(p=80.000000 i=20.000000 d=0.000000 f=0.000000 alg=PIDF)
081.027,,2.391,11.672,true,329876.000,1580.000,PIDFCoefficients(p=80.000000 i=20.000000 d=0.000000 f=0.000000 alg=PIDF)
081.052,,2.843,11.646,true,329914.000,1580.000,PIDFCoefficients(p=80.000000 i=20.000000 d=0.000000 f=0.000000 alg=PIDF)
081.076,,3.061,11.790,true,329953.000,1580.000,PIDFCoefficients(p=80.000000 i=20.000000 d=0.000000 f=0.000000 alg=PIDF)
081.097,,2.861,11.803,true,329987.000,1600.000,PIDFCoefficients(p=80.000000 i=20.000000 d=0.000000 f=0.000000 alg=PIDF)
081.118,,2.777,11.816,true,330023.000,1600.000,PIDFCoefficients(p=80.000000 i=20.000000 d=0.000000 f=0.000000 alg=PIDF)
081.144,,2.664,11.960,true,330057.000,1600.000,PIDFCoefficients(p=80.000000 i=20.000000 d=0.000000 f=0.000000 alg=PIDF)
081.166,,2.409,11.956,true,330095.000,1600.000,PIDFCoefficients(p=80.000000 i=20.000000 d=0.000000 f=0.000000 alg=PIDF)
081.188,,2.383,11.820,true,330133.000,1600.000,PIDFCoefficients(p=80.000000 i=20.000000 d=0.000000 f=0.000000 alg=PIDF)
081.209,,2.609,11.807,true,330165.000,1600.000,PIDFCoefficients(p=80.000000 i=20.000000 d=0.000000 f=0.000000 alg=PIDF)
081.231,,2.711,11.799,true,330200.000,1600.000,PIDFCoefficients(p=80.000000 i=20.000000 d=0.000000 f=0.000000 alg=PIDF)
081.253,,2.744,11.825,true,330236.000,1580.000,PIDFCoefficients(p=80.000000 i=20.000000 d=0.000000 f=0.000000 alg=PIDF)
081.275,,2.748,11.820,true,330272.000,1580.000,PIDFCoefficients(p=80.000000 i=20.000000 d=0.000000 f=0.000000 alg=PIDF)
081.302,,2.649,11.956,true,330313.000,1600.000,PIDFCoefficients(p=80.000000 i=20.000000 d=0.000000 f=0.000000 alg=PIDF)
081.324,,2.412,11.969,true,330348.000,1600.000,PIDFCoefficients(p=80.000000 i=20.000000 d=0.000000 f=0.000000 alg=PIDF)
081.345,,2.391,11.663,true,330383.000,1580.000,PIDFCoefficients(p=80.000000 i=20.000000 d=0.000000 f=0.000000 alg=PIDF)
081.368,,2.890,11.632,true,330419.000,1580.000,PIDFCoefficients(p=80.000000 i=20.000000 d=0.000000 f=0.000000 alg=PIDF)
081.390,,3.050,11.803,true,330454.000,1600.000,PIDFCoefficients(p=80.000000 i=20.000000 d=0.000000 f=0.000000 alg=PIDF)
081.417,,2.864,11.812,true,330496.000,1600.000,PIDFCoefficients(p=80.000000 i=20.000000 d=0.000000 f=0.000000 alg=PIDF)
081.440,,2.788,11.921,true,330535.000,1580.000,PIDFCoefficients(p=80.000000 i=20.000000 d=0.000000 f=0.000000 alg=PIDF)
081.460,,2.668,11.969,true,330566.000,1600.000,PIDFCoefficients(p=80.000000 i=20.000000 d=0.000000 f=0.000000 alg=PIDF)
081.478,,2.453,11.969,true,330597.000,1580.000,PIDFCoefficients(p=80.000000 i=20.000000 d=0.000000 f=0.000000 alg=PIDF)
081.499,,2.394,11.698,true,330628.000,1580.000,PIDFCoefficients(p=80.000000 i=20.000000 d=0.000000 f=0.000000 alg=PIDF)
081.521,,2.959,11.646,true,330663.000,1560.000,PIDFCoefficients(p=80.000000 i=20.000000 d=0.000000 f=0.000000 alg=PIDF)
081.541,,3.028,11.777,true,330694.000,1600.000,PIDFCoefficients(p=80.000000 i=20.000000 d=0.000000 f=0.000000 alg=PIDF)
081.562,,2.883,11.807,true,330730.000,1600.000,PIDFCoefficients(p=80.000000 i=20.000000 d=0.000000 f=0.000000 alg=PIDF)
081.581,,2.788,11.799,true,330760.000,1580.000,PIDFCoefficients(p=80.000000 i=20.000000 d=0.000000 f=0.000000 alg=PIDF)
081.600,,2.773,11.646,true,330791.000,1580.000,PIDFCoefficients(p=80.000000 i=20.000000 d=0.000000 f=0.000000 alg=PIDF)
081.619,,2.926,11.659,true,330821.000,1600.000,PIDFCoefficients(p=80.000000 i=20.000000 d=0.000000 f=0.000000 alg=PIDF)
081.638,,3.047,11.650,true,330851.000,1600.000,PIDFCoefficients(p=80.000000 i=20.000000 d=0.000000 f=0.000000 alg=PIDF)
081.659,,3.083,11.790,true,330881.000,1580.000,PIDFCoefficients(p=80.000000 i=20.000000 d=0.000000 f=0.000000 alg=PIDF)
081.682,,2.861,11.803,true,330918.000,1600.000,PIDFCoefficients(p=80.000000 i=20.000000 d=0.000000 f=0.000000 alg=PIDF)
081.704,,2.748,11.943,true,330954.000,1600.000,PIDFCoefficients(p=80.000000 i=20.000000 d=0.000000 f=0.000000 alg=PIDF)
081.726,,2.511,11.965,true,330990.000,1600.000,PIDFCoefficients(p=80.000000 i=20.000000 d=0.000000 f=0.000000 alg=PIDF)
081.747,,2.405,11.965,true,331024.000,1600.000,PIDFCoefficients(p=80.000000 i=20.000000 d=0.000000 f=0.000000 alg=PIDF)
081.770,,2.380,11.807,true,331059.000,1600.000,PIDFCoefficients(p=80.000000 i=20.000000 d=0.000000 f=0.000000 alg=PIDF)
081.793,,2.609,11.807,true,331095.000,1580.000,PIDFCoefficients(p=80.000000 i=20.000000 d=0.000000 f=0.000000 alg=PIDF)
081.816,,2.726,11.646,true,331133.000,1560.000,PIDFCoefficients(p=80.000000 i=20.000000 d=0.000000 f=0.000000 alg=PIDF)
081.838,,2.963,11.654,true,331167.000,1600.000,PIDFCoefficients(p=80.000000 i=20.000000 d=0.000000 f=0.000000 alg=PIDF)
081.859,,3.061,11.812,true,331202.000,1600.000,PIDFCoefficients(p=80.000000 i=20.000000 d=0.000000 f=0.000000 alg=PIDF)
081.880,,2.897,11.951,true,331235.000,1600.000,PIDFCoefficients(p=80.000000 i=20.000000 d=0.000000 f=0.000000 alg=PIDF)
081.902,,2.522,11.969,true,331268.000,1600.000,PIDFCoefficients(p=80.000000 i=20.000000 d=0.000000 f=0.000000 alg=PIDF)
081.925,,2.580,11.659,true,331305.000,1580.000,PIDFCoefficients(p=80.000000 i=20.000000 d=0.000000 f=0.000000 alg=PIDF)
081.950,,2.948,11.632,true,331344.000,1580.000,PIDFCoefficients(p=80.000000 i=20.000000 d=0.000000 f=0.000000 alg=PIDF)
081.971,,3.036,11.816,true,331381.000,1600.000,PIDFCoefficients(p=80.000000 i=20.000000 d=0.000000 f=0.000000 alg=PIDF)
081.990,,2.890,11.820,true,331412.000,1600.000,PIDFCoefficients(p=80.000000 i=20.000000 d=0.000000 f=0.000000 alg=PIDF)
082.009,,2.773,11.799,true,331443.000,1600.000,PIDFCoefficients(p=80.000000 i=20.000000 d=0.000000 f=0.000000 alg=PIDF)
082.030,,2.751,11.807,true,331476.000,1600.000,PIDFCoefficients(p=80.000000 i=20.000000 d=0.000000 f=0.000000 alg=PIDF)
082.049,,2.744,11.816,true,331506.000,1600.000,PIDFCoefficients(p=80.000000 i=20.000000 d=0.000000 f=0.000000 alg=PIDF)
082.074,,2.733,11.803,true,331545.000,1600.000,PIDFCoefficients(p=80.000000 i=20.000000 d=0.000000 f=0.000000 alg=PIDF)
082.092,,2.744,11.794,true,331576.000,1600.000,PIDFCoefficients(p=80.000000 i=20.000000 d=0.000000 f=0.000000 alg=PIDF)
082.114,,2.744,11.816,true,331606.000,1600.000,PIDFCoefficients(p=80.000000 i=20.000000 d=0.000000 f=0.000000 alg=PIDF)
082.138,,2.733,11.807,true,331640.000,1600.000,PIDFCoefficients(p=80.000000 i=20.000000 d=0.000000 f=0.000000 alg=PIDF)
082.158,,2.741,11.799,true,331680.000,1600.000,PIDFCoefficients(p=80.000000 i=20.000000 d=0.000000 f=0.000000 alg=PIDF)
082.179,,2.748,11.803,true,331712.000,1600.000,PIDFCoefficients(p=80.000000 i=20.000000 d=0.000000 f=0.000000 alg=PIDF)
082.205,,2.733,11.807,true,331750.000,1580.000,PIDFCoefficients(p=80.000000 i=20.000000 d=0.000000 f=0.000000 alg=PIDF)
082.224,,2.737,11.781,true,331786.000,1580.000,PIDFCoefficients(p=80.000000 i=20.000000 d=0.000000 f=0.000000 alg=PIDF)
082.244,,2.959,11.584,true,331817.000,1600.000,PIDFCoefficients(p=80.000000 i=20.000000 d=0.000000 f=0.000000 alg=PIDF)
082.263,,3.131,11.597,true,331847.000,1600.000,PIDFCoefficients(p=80.000000 i=20.000000 d=0.000000 f=0.000000 alg=PIDF)
082.282,,3.185,11.698,true,331878.000,1600.000,PIDFCoefficients(p=80.000000 i=20.000000 d=0.000000 f=0.000000 alg=PIDF)
082.303,,3.032,11.685,true,331911.000,1600.000,PIDFCoefficients(p=80.000000 i=20.000000 d=0.000000 f=0.000000 alg=PIDF)
082.321,,2.992,11.707,true,331942.000,1600.000,PIDFCoefficients(p=80.000000 i=20.000000 d=0.000000 f=0.000000 alg=PIDF)
082.340,,2.967,11.702,true,331972.000,1600.000,PIDFCoefficients(p=80.000000 i=20.000000 d=0.000000 f=0.000000 alg=PIDF)
082.359,,2.967,11.698,true,332002.000,1600.000,PIDFCoefficients(p=80.000000 i=20.000000 d=0.000000 f=0.000000 alg=PIDF)
082.382,,2.970,11.698,true,332036.000,1600.000,PIDFCoefficients(p=80.000000 i=20.000000 d=0.000000 f=0.000000 alg=PIDF)
082.402,,2.956,11.707,true,332069.000,1600.000,PIDFCoefficients(p=80.000000 i=20.000000 d=0.000000 f=0.000000 alg=PIDF)
082.421,,2.948,11.698,true,332101.000,1600.000,PIDFCoefficients(p=80.000000 i=20.000000 d=0.000000 f=0.000000 alg=PIDF)
082.444,,2.708,12.087,true,332136.000,1640.000,PIDFCoefficients(p=80.000000 i=20.000000 d=0.000000 f=0.000000 alg=PIDF)
082.464,,2.168,12.122,true,332170.000,1620.000,PIDFCoefficients(p=80.000000 i=20.000000 d=0.000000 f=0.000000 alg=PIDF)
082.485,,2.019,11.855,true,332201.000,1600.000,PIDFCoefficients(p=80.000000 i=20.000000 d=0.000000 f=0.000000 alg=PIDF)
082.507,,2.442,11.807,true,332236.000,1600.000,PIDFCoefficients(p=80.000000 i=20.000000 d=0.000000 f=0.000000 alg=PIDF)
082.529,,2.646,11.698,true,332271.000,1580.000,PIDFCoefficients(p=80.000000 i=20.000000 d=0.000000 f=0.000000 alg=PIDF)
082.553,,2.905,11.654,true,332311.000,1600.000,PIDFCoefficients(p=80.000000 i=20.000000 d=0.000000 f=0.000000 alg=PIDF)
082.578,,3.036,11.641,true,332350.000,1620.000,PIDFCoefficients(p=80.000000 i=20.000000 d=0.000000 f=0.000000 alg=PIDF)
082.600,,3.072,11.816,true,332385.000,1600.000,PIDFCoefficients(p=80.000000 i=20.000000 d=0.000000 f=0.000000 alg=PIDF)
082.623,,2.784,11.812,true,332420.000,1620.000,PIDFCoefficients(p=80.000000 i=20.000000 d=0.000000 f=0.000000 alg=PIDF)
082.644,,2.737,11.807,true,332457.000,1600.000,PIDFCoefficients(p=80.000000 i=20.000000 d=0.000000 f=0.000000 alg=PIDF)
082.665,,2.726,11.807,true,332490.000,1600.000,PIDFCoefficients(p=80.000000 i=20.000000 d=0.000000 f=0.000000 alg=PIDF)
082.688,,2.722,11.820,true,332525.000,1600.000,PIDFCoefficients(p=80.000000 i=20.000000 d=0.000000 f=0.000000 alg=PIDF)
082.710,,2.711,11.790,true,332562.000,1600.000,PIDFCoefficients(p=80.000000 i=20.000000 d=0.000000 f=0.000000 alg=PIDF)
082.729,,2.719,11.807,true,332597.000,1600.000,PIDFCoefficients(p=80.000000 i=20.000000 d=0.000000 f=0.000000 alg=PIDF)
082.749,,2.719,12.026,true,332628.000,1640.000,PIDFCoefficients(p=80.000000 i=20.000000 d=0.000000 f=0.000000 alg=PIDF)
082.768,,2.449,12.166,true,332659.000,1640.000,PIDFCoefficients(p=80.000000 i=20.000000 d=0.000000 f=0.000000 alg=PIDF)
082.789,,2.008,12.157,true,332690.000,1600.000,PIDFCoefficients(p=80.000000 i=20.000000 d=0.000000 f=0.000000 alg=PIDF)
082.811,,1.895,11.873,true,332724.000,1600.000,PIDFCoefficients(p=80.000000 i=20.000000 d=0.000000 f=0.000000 alg=PIDF)
082.832,,2.456,11.864,true,332759.000,1620.000,PIDFCoefficients(p=80.000000 i=20.000000 d=0.000000 f=0.000000 alg=PIDF)
082.854,,2.573,11.659,true,332793.000,1580.000,PIDFCoefficients(p=80.000000 i=20.000000 d=0.000000 f=0.000000 alg=PIDF)
082.878,,2.905,11.646,true,332829.000,1580.000,PIDFCoefficients(p=80.000000 i=20.000000 d=0.000000 f=0.000000 alg=PIDF)
082.900,,3.028,11.799,true,332867.000,1600.000,PIDFCoefficients(p=80.000000 i=20.000000 d=0.000000 f=0.000000 alg=PIDF)
082.922,,2.967,11.803,true,332901.000,1600.000,PIDFCoefficients(p=80.000000 i=20.000000 d=0.000000 f=0.000000 alg=PIDF)
082.943,,2.781,11.803,true,332936.000,1600.000,PIDFCoefficients(p=80.000000 i=20.000000 d=0.000000 f=0.000000 alg=PIDF)
082.964,,2.737,11.803,true,332969.000,1600.000,PIDFCoefficients(p=80.000000 i=20.000000 d=0.000000 f=0.000000 alg=PIDF)
082.983,,2.730,11.807,true,333001.000,1600.000,PIDFCoefficients(p=80.000000 i=20.000000 d=0.000000 f=0.000000 alg=PIDF)
083.002,,2.733,11.794,true,333033.000,1600.000,PIDFCoefficients(p=80.000000 i=20.000000 d=0.000000 f=0.000000 alg=PIDF)
083.022,,2.737,11.807,true,333063.000,1600.000,PIDFCoefficients(p=80.000000 i=20.000000 d=0.000000 f=0.000000 alg=PIDF)
083.043,,2.733,11.812,true,333096.000,1580.000,PIDFCoefficients(p=80.000000 i=20.000000 d=0.000000 f=0.000000 alg=PIDF)
083.067,,2.730,11.641,true,333134.000,1580.000,PIDFCoefficients(p=80.000000 i=20.000000 d=0.000000 f=0.000000 alg=PIDF)
083.091,,2.999,11.641,true,333173.000,1600.000,PIDFCoefficients(p=80.000000 i=20.000000 d=0.000000 f=0.000000 alg=PIDF)
083.112,,3.072,11.785,true,333206.000,1600.000,PIDFCoefficients(p=80.000000 i=20.000000 d=0.000000 f=0.000000 alg=PIDF)
083.139,,2.857,11.803,true,333240.000,1600.000,PIDFCoefficients(p=80.000000 i=20.000000 d=0.000000 f=0.000000 alg=PIDF)
083.162,,2.773,11.803,true,333285.000,1600.000,PIDFCoefficients(p=80.000000 i=20.000000 d=0.000000 f=0.000000 alg=PIDF)
083.186,,2.730,11.812,true,333319.000,1600.000,PIDFCoefficients(p=80.000000 i=20.000000 d=0.000000 f=0.000000 alg=PIDF)
083.210,,2.722,11.794,true,333362.000,1600.000,PIDFCoefficients(p=80.000000 i=20.000000 d=0.000000 f=0.000000 alg=PIDF)
083.231,,2.726,11.807,true,333397.000,1600.000,PIDFCoefficients(p=80.000000 i=20.000000 d=0.000000 f=0.000000 alg=PIDF)
083.251,,2.722,11.816,true,333428.000,1600.000,PIDFCoefficients(p=80.000000 i=20.000000 d=0.000000 f=0.000000 alg=PIDF)
083.274,,2.719,11.803,true,333465.000,1600.000,PIDFCoefficients(p=80.000000 i=20.000000 d=0.000000 f=0.000000 alg=PIDF)
083.297,,2.730,11.799,true,333500.000,1600.000,PIDFCoefficients(p=80.000000 i=20.000000 d=0.000000 f=0.000000 alg=PIDF)
083.322,,2.726,11.820,true,333537.000,1600.000,PIDFCoefficients(p=80.000000 i=20.000000 d=0.000000 f=0.000000 alg=PIDF)
083.348,,2.715,11.807,true,333576.000,1600.000,PIDFCoefficients(p=80.000000 i=20.000000 d=0.000000 f=0.000000 alg=PIDF)
083.370,,2.730,11.943,true,333618.000,1600.000,PIDFCoefficients(p=80.000000 i=20.000000 d=0.000000 f=0.000000 alg=PIDF)
083.392,,2.496,11.973,true,333654.000,1600.000,PIDFCoefficients(p=80.000000 i=20.000000 d=0.000000 f=0.000000 alg=PIDF)
083.414,,2.387,11.960,true,333689.000,1600.000,PIDFCoefficients(p=80.000000 i=20.000000 d=0.000000 f=0.000000 alg=PIDF)
083.437,,2.467,11.807,true,333724.000,1600.000,PIDFCoefficients(p=80.000000 i=20.000000 d=0.000000 f=0.000000 alg=PIDF)
083.462,,2.657,11.812,true,333763.000,1580.000,PIDFCoefficients(p=80.000000 i=20.000000 d=0.000000 f=0.000000 alg=PIDF)
083.481,,2.708,11.807,true,333798.000,1600.000,PIDFCoefficients(p=80.000000 i=20.000000 d=0.000000 f=0.000000 alg=PIDF)
083.501,,2.730,11.799,true,333829.000,1600.000,PIDFCoefficients(p=80.000000 i=20.000000 d=0.000000 f=0.000000 alg=PIDF)
083.522,,2.733,11.807,true,333861.000,1600.000,PIDFCoefficients(p=80.000000 i=20.000000 d=0.000000 f=0.000000 alg=PIDF)
083.544,,2.722,11.807,true,333896.000,1600.000,PIDFCoefficients(p=80.000000 i=20.000000 d=0.000000 f=0.000000 alg=PIDF)
083.566,,2.733,11.803,true,333931.000,1600.000,PIDFCoefficients(p=80.000000 i=20.000000 d=0.000000 f=0.000000 alg=PIDF)
083.592,,2.733,11.816,true,333973.000,1580.000,PIDFCoefficients(p=80.000000 i=20.000000 d=0.000000 f=0.000000 alg=PIDF)
083.617,,2.722,11.803,true,334012.000,1580.000,PIDFCoefficients(p=80.000000 i=20.000000 d=0.000000 f=0.000000 alg=PIDF)
083.638,,2.730,11.654,true,334047.000,1580.000,PIDFCoefficients(p=80.000000 i=20.000000 d=0.000000 f=0.000000 alg=PIDF)
083.660,,2.952,11.650,true,334081.000,1600.000,PIDFCoefficients(p=80.000000 i=20.000000 d=0.000000 f=0.000000 alg=PIDF)
083.687,,3.047,11.921,true,334116.000,1600.000,PIDFCoefficients(p=80.000000 i=20.000000 d=0.000000 f=0.000000 alg=PIDF)
083.712,,2.624,11.947,true,334159.000,1580.000,PIDFCoefficients(p=80.000000 i=20.000000 d=0.000000 f=0.000000 alg=PIDF)
083.735,,2.394,11.825,true,334199.000,1600.000,PIDFCoefficients(p=80.000000 i=20.000000 d=0.000000 f=0.000000 alg=PIDF)
083.757,,2.577,11.807,true,334235.000,1620.000,PIDFCoefficients(p=80.000000 i=20.000000 d=0.000000 f=0.000000 alg=PIDF)
083.778,,2.686,11.807,true,334270.000,1580.000,PIDFCoefficients(p=80.000000 i=20.000000 d=0.000000 f=0.000000 alg=PIDF)
083.800,,2.719,11.812,true,334305.000,1600.000,PIDFCoefficients(p=80.000000 i=20.000000 d=0.000000 f=0.000000 alg=PIDF)
083.824,,2.719,11.807,true,334340.000,1620.000,PIDFCoefficients(p=80.000000 i=20.000000 d=0.000000 f=0.000000 alg=PIDF)
083.845,,2.722,11.803,true,334377.000,1600.000,PIDFCoefficients(p=80.000000 i=20.000000 d=0.000000 f=0.000000 alg=PIDF)
083.867,,2.741,11.794,true,334412.000,1600.000,PIDFCoefficients(p=80.000000 i=20.000000 d=0.000000 f=0.000000 alg=PIDF)
083.890,,2.722,11.650,true,334449.000,1580.000,PIDFCoefficients(p=80.000000 i=20.000000 d=0.000000 f=0.000000 alg=PIDF)
083.913,,2.996,11.637,true,334484.000,1600.000,PIDFCoefficients(p=80.000000 i=20.000000 d=0.000000 f=0.000000 alg=PIDF)
083.938,,3.065,11.908,true,334520.000,1620.000,PIDFCoefficients(p=80.000000 i=20.000000 d=0.000000 f=0.000000 alg=PIDF)
083.961,,2.624,11.960,true,334562.000,1600.000,PIDFCoefficients(p=80.000000 i=20.000000 d=0.000000 f=0.000000 alg=PIDF)
083.980,,2.376,11.681,true,334596.000,1580.000,PIDFCoefficients(p=80.000000 i=20.000000 d=0.000000 f=0.000000 alg=PIDF)
084.000,,2.551,11.637,true,334626.000,1600.000,PIDFCoefficients(p=80.000000 i=20.000000 d=0.000000 f=0.000000 alg=PIDF)
084.019,,2.937,11.654,true,334657.000,1600.000,PIDFCoefficients(p=80.000000 i=20.000000 d=0.000000 f=0.000000 alg=PIDF)
084.040,,3.032,11.820,true,334689.000,1600.000,PIDFCoefficients(p=80.000000 i=20.000000 d=0.000000 f=0.000000 alg=PIDF)
084.063,,2.784,11.799,true,334724.000,1600.000,PIDFCoefficients(p=80.000000 i=20.000000 d=0.000000 f=0.000000 alg=PIDF)
084.085,,2.748,11.807,true,334760.000,1600.000,PIDFCoefficients(p=80.000000 i=20.000000 d=0.000000 f=0.000000 alg=PIDF)
084.109,,2.722,11.816,true,334799.000,1600.000,PIDFCoefficients(p=80.000000 i=20.000000 d=0.000000 f=0.000000 alg=PIDF)
084.144,,2.719,11.799,true,334853.000,1600.000,PIDFCoefficients(p=80.000000 i=20.000000 d=0.000000 f=0.000000 alg=PIDF)
084.166,,2.715,11.812,true,334890.000,1600.000,PIDFCoefficients(p=80.000000 i=20.000000 d=0.000000 f=0.000000 alg=PIDF)
084.190,,2.722,11.794,true,334924.000,1600.000,PIDFCoefficients(p=80.000000 i=20.000000 d=0.000000 f=0.000000 alg=PIDF)
084.215,,2.722,11.790,true,334964.000,1600.000,PIDFCoefficients(p=80.000000 i=20.000000 d=0.000000 f=0.000000 alg=PIDF)
084.237,,2.719,11.807,true,335004.000,1600.000,PIDFCoefficients(p=80.000000 i=20.000000 d=0.000000 f=0.000000 alg=PIDF)
084.256,,2.719,11.820,true,335036.000,1600.000,PIDFCoefficients(p=80.000000 i=20.000000 d=0.000000 f=0.000000 alg=PIDF)
084.277,,2.715,11.799,true,335068.000,1600.000,PIDFCoefficients(p=80.000000 i=20.000000 d=0.000000 f=0.000000 alg=PIDF)
084.300,,2.726,11.812,true,335102.000,1600.000,PIDFCoefficients(p=80.000000 i=20.000000 d=0.000000 f=0.000000 alg=PIDF)
084.321,,2.715,11.816,true,335139.000,1600.000,PIDFCoefficients(p=80.000000 i=20.000000 d=0.000000 f=0.000000 alg=PIDF)
084.342,,2.715,11.799,true,335172.000,1600.000,PIDFCoefficients(p=80.000000 i=20.000000 d=0.000000 f=0.000000 alg=PIDF)
084.362,,2.722,11.807,true,335205.000,1600.000,PIDFCoefficients(p=80.000000 i=20.000000 d=0.000000 f=0.000000 alg=PIDF)
084.388,,2.711,11.816,true,335239.000,1600.000,PIDFCoefficients(p=80.000000 i=20.000000 d=0.000000 f=0.000000 alg=PIDF)
084.406,,2.708,11.803,true,335275.000,1600.000,PIDFCoefficients(p=80.000000 i=20.000000 d=0.000000 f=0.000000 alg=PIDF)
084.426,,2.726,11.794,true,335305.000,1560.000,PIDFCoefficients(p=80.000000 i=20.000000 d=0.000000 f=0.000000 alg=PIDF)
084.445,,2.715,11.493,true,335337.000,1560.000,PIDFCoefficients(p=80.000000 i=20.000000 d=0.000000 f=0.000000 alg=PIDF)
084.472,,3.174,11.484,true,335365.000,1560.000,PIDFCoefficients(p=80.000000 i=20.000000 d=0.000000 f=0.000000 alg=PIDF)
084.492,,3.371,11.462,true,335411.000,1560.000,PIDFCoefficients(p=80.000000 i=20.000000 d=0.000000 f=0.000000 alg=PIDF)
084.512,,3.386,11.479,true,335442.000,1580.000,PIDFCoefficients(p=80.000000 i=20.000000 d=0.000000 f=0.000000 alg=PIDF)
084.534,,3.397,11.488,true,335475.000,1620.000,PIDFCoefficients(p=80.000000 i=20.000000 d=0.000000 f=0.000000 alg=PIDF)
084.556,,3.214,11.794,true,335511.000,1600.000,PIDFCoefficients(p=80.000000 i=20.000000 d=0.000000 f=0.000000 alg=PIDF)
084.577,,2.846,11.820,true,335545.000,1600.000,PIDFCoefficients(p=80.000000 i=20.000000 d=0.000000 f=0.000000 alg=PIDF)
084.600,,2.726,11.864,true,335581.000,1620.000,PIDFCoefficients(p=80.000000 i=20.000000 d=0.000000 f=0.000000 alg=PIDF)
084.624,,2.624,11.860,true,335618.000,1620.000,PIDFCoefficients(p=80.000000 i=20.000000 d=0.000000 f=0.000000 alg=PIDF)
084.648,,2.577,11.860,true,335657.000,1560.000,PIDFCoefficients(p=80.000000 i=20.000000 d=0.000000 f=0.000000 alg=PIDF)
084.670,,2.751,11.532,true,335692.000,1560.000,PIDFCoefficients(p=80.000000 i=20.000000 d=0.000000 f=0.000000 alg=PIDF)
084.690,,3.120,11.532,true,335726.000,1620.000,PIDFCoefficients(p=80.000000 i=20.000000 d=0.000000 f=0.000000 alg=PIDF)
084.715,,3.061,11.860,true,335760.000,1620.000,PIDFCoefficients(p=80.000000 i=20.000000 d=0.000000 f=0.000000 alg=PIDF)
084.734,,2.693,11.860,true,335798.000,1600.000,PIDFCoefficients(p=80.000000 i=20.000000 d=0.000000 f=0.000000 alg=PIDF)
084.753,,2.598,11.899,true,335829.000,1620.000,PIDFCoefficients(p=80.000000 i=20.000000 d=0.000000 f=0.000000 alg=PIDF)
084.774,,2.493,11.930,true,335860.000,1620.000,PIDFCoefficients(p=80.000000 i=20.000000 d=0.000000 f=0.000000 alg=PIDF)
084.799,,2.445,11.737,true,335900.000,1600.000,PIDFCoefficients(p=80.000000 i=20.000000 d=0.000000 f=0.000000 alg=PIDF)
084.820,,2.562,11.698,true,335935.000,1600.000,PIDFCoefficients(p=80.000000 i=20.000000 d=0.000000 f=0.000000 alg=PIDF)
084.842,,2.864,11.711,true,335969.000,1620.000,PIDFCoefficients(p=80.000000 i=20.000000 d=0.000000 f=0.000000 alg=PIDF)
084.863,,2.784,11.925,true,336004.000,1620.000,PIDFCoefficients(p=80.000000 i=20.000000 d=0.000000 f=0.000000 alg=PIDF)
084.884,,2.529,11.912,true,336039.000,1600.000,PIDFCoefficients(p=80.000000 i=20.000000 d=0.000000 f=0.000000 alg=PIDF)
084.906,,2.467,11.969,true,336074.000,1620.000,PIDFCoefficients(p=80.000000 i=20.000000 d=0.000000 f=0.000000 alg=PIDF)
084.928,,2.361,11.969,true,336108.000,1620.000,PIDFCoefficients(p=80.000000 i=20.000000 d=0.000000 f=0.000000 alg=PIDF)
084.950,,2.329,11.825,true,336143.000,1620.000,PIDFCoefficients(p=80.000000 i=20.000000 d=0.000000 f=0.000000 alg=PIDF)
084.975,,2.412,11.812,true,336181.000,1600.000,PIDFCoefficients(p=80.000000 i=20.000000 d=0.000000 f=0.000000 alg=PIDF)
084.998,,2.646,11.812,true,336219.000,1600.000,PIDFCoefficients(p=80.000000 i=20.000000 d=0.000000 f=0.000000 alg=PIDF)
085.022,,2.679,11.816,true,336257.000,1600.000,PIDFCoefficients(p=80.000000 i=20.000000 d=0.000000 f=0.000000 alg=PIDF)
085.044,,2.686,11.816,true,336294.000,1620.000,PIDFCoefficients(p=80.000000 i=20.000000 d=0.000000 f=0.000000 alg=PIDF)
085.065,,2.598,11.965,true,336330.000,1620.000,PIDFCoefficients(p=80.000000 i=20.000000 d=0.000000 f=0.000000 alg=PIDF)
085.087,,2.402,11.956,true,336364.000,1600.000,PIDFCoefficients(p=80.000000 i=20.000000 d=0.000000 f=0.000000 alg=PIDF)
085.109,,2.347,11.493,true,336398.000,1560.000,PIDFCoefficients(p=80.000000 i=20.000000 d=0.000000 f=0.000000 alg=PIDF)
085.142,,3.171,11.471,true,336437.000,1560.000,PIDFCoefficients(p=80.000000 i=20.000000 d=0.000000 f=0.000000 alg=PIDF)
085.164,,3.189,11.794,true,336488.000,1620.000,PIDFCoefficients(p=80.000000 i=20.000000 d=0.000000 f=0.000000 alg=PIDF)
085.184,,2.832,11.816,true,336519.000,1620.000,PIDFCoefficients(p=80.000000 i=20.000000 d=0.000000 f=0.000000 alg=PIDF)
085.206,,2.722,11.943,true,336553.000,1620.000,PIDFCoefficients(p=80.000000 i=20.000000 d=0.000000 f=0.000000 alg=PIDF)
085.232,,2.482,11.960,true,336588.000,1600.000,PIDFCoefficients(p=80.000000 i=20.000000 d=0.000000 f=0.000000 alg=PIDF)
085.254,,2.336,11.541,true,336631.000,1560.000,PIDFCoefficients(p=80.000000 i=20.000000 d=0.000000 f=0.000000 alg=PIDF)
085.274,,2.959,11.475,true,336663.000,1560.000,PIDFCoefficients(p=80.000000 i=20.000000 d=0.000000 f=0.000000 alg=PIDF)
085.293,,3.273,11.471,true,336693.000,1620.000,PIDFCoefficients(p=80.000000 i=20.000000 d=0.000000 f=0.000000 alg=PIDF)
085.312,,3.109,11.916,true,336725.000,1620.000,PIDFCoefficients(p=80.000000 i=20.000000 d=0.000000 f=0.000000 alg=PIDF)
085.333,,2.628,11.921,true,336757.000,1620.000,PIDFCoefficients(p=80.000000 i=20.000000 d=0.000000 f=0.000000 alg=PIDF)
085.355,,2.485,11.523,true,336790.000,1560.000,PIDFCoefficients(p=80.000000 i=20.000000 d=0.000000 f=0.000000 alg=PIDF)
085.378,,3.032,11.484,true,336825.000,1580.000,PIDFCoefficients(p=80.000000 i=20.000000 d=0.000000 f=0.000000 alg=PIDF)
085.405,,3.273,11.855,true,336863.000,1580.000,PIDFCoefficients(p=80.000000 i=20.000000 d=0.000000 f=0.000000 alg=PIDF)
085.427,,2.795,11.912,true,336906.000,1600.000,PIDFCoefficients(p=80.000000 i=20.000000 d=0.000000 f=0.000000 alg=PIDF)
085.449,,2.525,11.921,true,336941.000,1600.000,PIDFCoefficients(p=80.000000 i=20.000000 d=0.000000 f=0.000000 alg=PIDF)
085.472,,2.456,11.908,true,336977.000,1620.000,PIDFCoefficients(p=80.000000 i=20.000000 d=0.000000 f=0.000000 alg=PIDF)
085.496,,2.442,11.908,true,337017.000,1620.000,PIDFCoefficients(p=80.000000 i=20.000000 d=0.000000 f=0.000000 alg=PIDF)
085.518,,2.427,11.825,true,337053.000,1600.000,PIDFCoefficients(p=80.000000 i=20.000000 d=0.000000 f=0.000000 alg=PIDF)
085.540,,2.587,11.807,true,337088.000,1620.000,PIDFCoefficients(p=80.000000 i=20.000000 d=0.000000 f=0.000000 alg=PIDF)
085.561,,2.675,11.947,true,337123.000,1620.000,PIDFCoefficients(p=80.000000 i=20.000000 d=0.000000 f=0.000000 alg=PIDF)
085.583,,2.453,11.973,true,337158.000,1600.000,PIDFCoefficients(p=80.000000 i=20.000000 d=0.000000 f=0.000000 alg=PIDF)
085.605,,2.343,11.960,true,337193.000,1600.000,PIDFCoefficients(p=80.000000 i=20.000000 d=0.000000 f=0.000000 alg=PIDF)
085.627,,2.427,11.799,true,337228.000,1600.000,PIDFCoefficients(p=80.000000 i=20.000000 d=0.000000 f=0.000000 alg=PIDF)
085.652,,2.613,11.812,true,337266.000,1620.000,PIDFCoefficients(p=80.000000 i=20.000000 d=0.000000 f=0.000000 alg=PIDF)
085.675,,2.580,11.956,true,337306.000,1620.000,PIDFCoefficients(p=80.000000 i=20.000000 d=0.000000 f=0.000000 alg=PIDF)
085.697,,2.405,11.934,true,337340.000,1600.000,PIDFCoefficients(p=80.000000 i=20.000000 d=0.000000 f=0.000000 alg=PIDF)
085.719,,2.434,11.261,true,337372.000,1560.000,PIDFCoefficients(p=80.000000 i=20.000000 d=0.000000 f=0.000000 alg=PIDF)
085.744,,3.685,11.235,true,337404.000,1480.000,PIDFCoefficients(p=80.000000 i=20.000000 d=0.000000 f=0.000000 alg=PIDF)
085.764,,3.940,11.257,true,337435.000,1380.000,PIDFCoefficients(p=80.000000 i=20.000000 d=0.000000 f=0.000000 alg=PIDF)
085.783,,4.024,11.265,true,337461.000,1380.000,PIDFCoefficients(p=80.000000 i=20.000000 d=0.000000 f=0.000000 alg=PIDF)
085.805,,4.024,11.270,true,337490.000,1380.000,PIDFCoefficients(p=80.000000 i=20.000000 d=0.000000 f=0.000000 alg=PIDF)
085.827,,4.016,11.261,true,337520.000,1380.000,PIDFCoefficients(p=80.000000 i=20.000000 d=0.000000 f=0.000000 alg=PIDF)
085.848,,4.013,11.261,true,337550.000,1380.000,PIDFCoefficients(p=80.000000 i=20.000000 d=0.000000 f=0.000000 alg=PIDF)
085.870,,4.005,11.261,true,337580.000,1380.000,PIDFCoefficients(p=80.000000 i=20.000000 d=0.000000 f=0.000000 alg=PIDF)
085.892,,3.965,11.257,true,337611.000,1380.000,PIDFCoefficients(p=80.000000 i=20.000000 d=0.000000 f=0.000000 alg=PIDF)
085.916,,3.962,11.257,true,337644.000,1400.000,PIDFCoefficients(p=80.000000 i=20.000000 d=0.000000 f=0.000000 alg=PIDF)
085.939,,3.951,11.270,true,337675.000,1400.000,PIDFCoefficients(p=80.000000 i=20.000000 d=0.000000 f=0.000000 alg=PIDF)
085.965,,3.929,11.283,true,337709.000,1420.000,PIDFCoefficients(p=80.000000 i=20.000000 d=0.000000 f=0.000000 alg=PIDF)
085.987,,3.914,11.287,true,337745.000,1420.000,PIDFCoefficients(p=80.000000 i=20.000000 d=0.000000 f=0.000000 alg=PIDF)
086.006,,3.914,11.296,true,337774.000,1420.000,PIDFCoefficients(p=80.000000 i=20.000000 d=0.000000 f=0.000000 alg=PIDF)
086.025,,3.892,11.300,true,337801.000,1420.000,PIDFCoefficients(p=80.000000 i=20.000000 d=0.000000 f=0.000000 alg=PIDF)
086.044,,3.870,11.305,true,337829.000,1420.000,PIDFCoefficients(p=80.000000 i=20.000000 d=0.000000 f=0.000000 alg=PIDF)
086.063,,3.856,11.313,true,337856.000,1440.000,PIDFCoefficients(p=80.000000 i=20.000000 d=0.000000 f=0.000000 alg=PIDF)
086.082,,3.856,11.313,true,337884.000,1440.000,PIDFCoefficients(p=80.000000 i=20.000000 d=0.000000 f=0.000000 alg=PIDF)
086.106,,3.838,11.322,true,337912.000,1440.000,PIDFCoefficients(p=80.000000 i=20.000000 d=0.000000 f=0.000000 alg=PIDF)
086.128,,3.819,11.331,true,337947.000,1460.000,PIDFCoefficients(p=80.000000 i=20.000000 d=0.000000 f=0.000000 alg=PIDF)
086.154,,3.812,11.318,true,337989.000,1440.000,PIDFCoefficients(p=80.000000 i=20.000000 d=0.000000 f=0.000000 alg=PIDF)
086.177,,3.794,11.327,true,338023.000,1460.000,PIDFCoefficients(p=80.000000 i=20.000000 d=0.000000 f=0.000000 alg=PIDF)
086.195,,3.790,11.305,true,338050.000,1440.000,PIDFCoefficients(p=80.000000 i=20.000000 d=0.000000 f=0.000000 alg=PIDF)
086.213,,3.768,11.318,true,338076.000,1460.000,PIDFCoefficients(p=80.000000 i=20.000000 d=0.000000 f=0.000000 alg=PIDF)
086.233,,3.772,11.313,true,338103.000,1460.000,PIDFCoefficients(p=80.000000 i=20.000000 d=0.000000 f=0.000000 alg=PIDF)
086.251,,3.750,11.344,true,338132.000,1480.000,PIDFCoefficients(p=80.000000 i=20.000000 d=0.000000 f=0.000000 alg=PIDF)
086.268,,3.747,11.344,true,338158.000,1480.000,PIDFCoefficients(p=80.000000 i=20.000000 d=0.000000 f=0.000000 alg=PIDF)
086.287,,3.736,11.357,true,338185.000,1480.000,PIDFCoefficients(p=80.000000 i=20.000000 d=0.000000 f=0.000000 alg=PIDF)
086.309,,3.725,11.366,true,338216.000,1500.000,PIDFCoefficients(p=80.000000 i=20.000000 d=0.000000 f=0.000000 alg=PIDF)
086.328,,3.710,11.344,true,338248.000,1520.000,PIDFCoefficients(p=80.000000 i=20.000000 d=0.000000 f=0.000000 alg=PIDF)
086.349,,3.710,11.344,true,338277.000,1540.000,PIDFCoefficients(p=80.000000 i=20.000000 d=0.000000 f=0.000000 alg=PIDF)
086.371,,3.706,11.362,true,338309.000,1540.000,PIDFCoefficients(p=80.000000 i=20.000000 d=0.000000 f=0.000000 alg=PIDF)
086.395,,3.688,11.353,true,338343.000,1500.000,PIDFCoefficients(p=80.000000 i=20.000000 d=0.000000 f=0.000000 alg=PIDF)
086.417,,3.681,11.362,true,338379.000,1500.000,PIDFCoefficients(p=80.000000 i=20.000000 d=0.000000 f=0.000000 alg=PIDF)
086.438,,3.663,11.375,true,338410.000,1500.000,PIDFCoefficients(p=80.000000 i=20.000000 d=0.000000 f=0.000000 alg=PIDF)
086.470,,3.652,11.383,true,338459.000,1520.000,PIDFCoefficients(p=80.000000 i=20.000000 d=0.000000 f=0.000000 alg=PIDF)
086.494,,3.641,11.366,true,338494.000,1520.000,PIDFCoefficients(p=80.000000 i=20.000000 d=0.000000 f=0.000000 alg=PIDF)
086.515,,3.634,11.370,true,338531.000,1520.000,PIDFCoefficients(p=80.000000 i=20.000000 d=0.000000 f=0.000000 alg=PIDF)
086.535,,3.619,11.383,true,338558.000,1500.000,PIDFCoefficients(p=80.000000 i=20.000000 d=0.000000 f=0.000000 alg=PIDF)
086.554,,3.608,11.379,true,338590.000,1520.000,PIDFCoefficients(p=80.000000 i=20.000000 d=0.000000 f=0.000000 alg=PIDF)
086.576,,3.619,11.296,true,338620.000,1560.000,PIDFCoefficients(p=80.000000 i=20.000000 d=0.000000 f=0.000000 alg=PIDF)
086.599,,3.885,11.209,true,338651.000,1460.000,PIDFCoefficients(p=80.000000 i=20.000000 d=0.000000 f=0.000000 alg=PIDF)
086.619,,4.064,11.217,true,338678.000,1400.000,PIDFCoefficients(p=80.000000 i=20.000000 d=0.000000 f=0.000000 alg=PIDF)
086.638,,4.129,11.209,true,338704.000,1320.000,PIDFCoefficients(p=80.000000 i=20.000000 d=0.000000 f=0.000000 alg=PIDF)
086.660,,4.151,11.200,true,338730.000,1320.000,PIDFCoefficients(p=80.000000 i=20.000000 d=0.000000 f=0.000000 alg=PIDF)
086.686,,4.111,11.204,true,338767.000,1340.000,PIDFCoefficients(p=80.000000 i=20.000000 d=0.000000 f=0.000000 alg=PIDF)
086.707,,4.104,11.195,true,338794.000,1360.000,PIDFCoefficients(p=80.000000 i=20.000000 d=0.000000 f=0.000000 alg=PIDF)
086.731,,4.111,11.217,true,338824.000,1300.000,PIDFCoefficients(p=80.000000 i=20.000000 d=0.000000 f=0.000000 alg=PIDF)
086.755,,4.060,11.222,true,338859.000,1360.000,PIDFCoefficients(p=80.000000 i=20.000000 d=0.000000 f=0.000000 alg=PIDF)
086.777,,4.056,11.222,true,338890.000,1400.000,PIDFCoefficients(p=80.000000 i=20.000000 d=0.000000 f=0.000000 alg=PIDF)
086.799,,4.056,11.235,true,338920.000,1400.000,PIDFCoefficients(p=80.000000 i=20.000000 d=0.000000 f=0.000000 alg=PIDF)
086.821,,4.038,11.239,true,338950.000,1380.000,PIDFCoefficients(p=80.000000 i=20.000000 d=0.000000 f=0.000000 alg=PIDF)
086.841,,3.998,11.239,true,338980.000,1400.000,PIDFCoefficients(p=80.000000 i=20.000000 d=0.000000 f=0.000000 alg=PIDF)
086.863,,3.991,11.244,true,339010.000,1380.000,PIDFCoefficients(p=80.000000 i=20.000000 d=0.000000 f=0.000000 alg=PIDF)
086.884,,3.976,11.252,true,339040.000,1380.000,PIDFCoefficients(p=80.000000 i=20.000000 d=0.000000 f=0.000000 alg=PIDF)
086.909,,3.958,11.248,true,339069.000,1400.000,PIDFCoefficients(p=80.000000 i=20.000000 d=0.000000 f=0.000000 alg=PIDF)
086.931,,3.947,11.270,true,339105.000,1400.000,PIDFCoefficients(p=80.000000 i=20.000000 d=0.000000 f=0.000000 alg=PIDF)
086.952,,3.929,11.274,true,339136.000,1400.000,PIDFCoefficients(p=80.000000 i=20.000000 d=0.000000 f=0.000000 alg=PIDF)
086.974,,3.922,11.283,true,339166.000,1400.000,PIDFCoefficients(p=80.000000 i=20.000000 d=0.000000 f=0.000000 alg=PIDF)
086.997,,3.914,11.274,true,339198.000,1420.000,PIDFCoefficients(p=80.000000 i=20.000000 d=0.000000 f=0.000000 alg=PIDF)
087.016,,3.900,11.274,true,339228.000,1420.000,PIDFCoefficients(p=80.000000 i=20.000000 d=0.000000 f=0.000000 alg=PIDF)
087.035,,3.885,11.278,true,339252.000,1380.000,PIDFCoefficients(p=80.000000 i=20.000000 d=0.000000 f=0.000000 alg=PIDF)
087.054,,3.870,11.283,true,339280.000,1400.000,PIDFCoefficients(p=80.000000 i=20.000000 d=0.000000 f=0.000000 alg=PIDF)
087.073,,3.860,11.292,true,339307.000,1380.000,PIDFCoefficients(p=80.000000 i=20.000000 d=0.000000 f=0.000000 alg=PIDF)
087.091,,3.856,11.287,true,339334.000,1440.000,PIDFCoefficients(p=80.000000 i=20.000000 d=0.000000 f=0.000000 alg=PIDF)
087.110,,3.845,11.300,true,339360.000,1440.000,PIDFCoefficients(p=80.000000 i=20.000000 d=0.000000 f=0.000000 alg=PIDF)
087.134,,3.827,11.313,true,339389.000,1440.000,PIDFCoefficients(p=80.000000 i=20.000000 d=0.000000 f=0.000000 alg=PIDF)
087.152,,3.819,11.309,true,339422.000,1440.000,PIDFCoefficients(p=80.000000 i=20.000000 d=0.000000 f=0.000000 alg=PIDF)
087.172,,3.794,11.322,true,339451.000,1460.000,PIDFCoefficients(p=80.000000 i=20.000000 d=0.000000 f=0.000000 alg=PIDF)
087.196,,3.783,11.322,true,339488.000,1480.000,PIDFCoefficients(p=80.000000 i=20.000000 d=0.000000 f=0.000000 alg=PIDF)
087.217,,3.772,11.335,true,339517.000,1500.000,PIDFCoefficients(p=80.000000 i=20.000000 d=0.000000 f=0.000000 alg=PIDF)
087.246,,3.761,11.313,true,339560.000,1480.000,PIDFCoefficients(p=80.000000 i=20.000000 d=0.000000 f=0.000000 alg=PIDF)
087.265,,3.743,11.331,true,339590.000,1480.000,PIDFCoefficients(p=80.000000 i=20.000000 d=0.000000 f=0.000000 alg=PIDF)
087.285,,3.739,11.322,true,339618.000,1480.000,PIDFCoefficients(p=80.000000 i=20.000000 d=0.000000 f=0.000000 alg=PIDF)
087.306,,3.725,11.322,true,339647.000,1480.000,PIDFCoefficients(p=80.000000 i=20.000000 d=0.000000 f=0.000000 alg=PIDF)
087.326,,3.721,11.344,true,339679.000,1500.000,PIDFCoefficients(p=80.000000 i=20.000000 d=0.000000 f=0.000000 alg=PIDF)
087.350,,3.728,11.191,true,339713.000,1480.000,PIDFCoefficients(p=80.000000 i=20.000000 d=0.000000 f=0.000000 alg=PIDF)
087.372,,4.067,11.139,true,339741.000,1440.000,PIDFCoefficients(p=80.000000 i=20.000000 d=0.000000 f=0.000000 alg=PIDF)
087.393,,4.213,11.143,true,339769.000,1360.000,PIDFCoefficients(p=80.000000 i=20.000000 d=0.000000 f=0.000000 alg=PIDF)
087.415,,4.257,11.139,true,339796.000,1280.000,PIDFCoefficients(p=80.000000 i=20.000000 d=0.000000 f=0.000000 alg=PIDF)
087.436,,4.261,11.169,true,339826.000,1280.000,PIDFCoefficients(p=80.000000 i=20.000000 d=0.000000 f=0.000000 alg=PIDF)
087.456,,4.224,11.169,true,339850.000,1280.000,PIDFCoefficients(p=80.000000 i=20.000000 d=0.000000 f=0.000000 alg=PIDF)
087.476,,4.206,11.160,true,339877.000,1300.000,PIDFCoefficients(p=80.000000 i=20.000000 d=0.000000 f=0.000000 alg=PIDF)
087.502,,4.195,11.152,true,339909.000,1320.000,PIDFCoefficients(p=80.000000 i=20.000000 d=0.000000 f=0.000000 alg=PIDF)
087.521,,4.180,11.187,true,339937.000,1320.000,PIDFCoefficients(p=80.000000 i=20.000000 d=0.000000 f=0.000000 alg=PIDF)
087.541,,4.158,11.178,true,339962.000,1320.000,PIDFCoefficients(p=80.000000 i=20.000000 d=0.000000 f=0.000000 alg=PIDF)
087.561,,4.158,11.182,true,339989.000,1320.000,PIDFCoefficients(p=80.000000 i=20.000000 d=0.000000 f=0.000000 alg=PIDF)
087.584,,4.133,11.191,true,340018.000,1320.000,PIDFCoefficients(p=80.000000 i=20.000000 d=0.000000 f=0.000000 alg=PIDF)
087.605,,4.111,11.213,true,340046.000,1320.000,PIDFCoefficients(p=80.000000 i=20.000000 d=0.000000 f=0.000000 alg=PIDF)
087.626,,4.093,11.213,true,340075.000,1340.000,PIDFCoefficients(p=80.000000 i=20.000000 d=0.000000 f=0.000000 alg=PIDF)
087.648,,4.086,11.213,true,340105.000,1320.000,PIDFCoefficients(p=80.000000 i=20.000000 d=0.000000 f=0.000000 alg=PIDF)
087.673,,4.064,11.235,true,340138.000,1340.000,PIDFCoefficients(p=80.000000 i=20.000000 d=0.000000 f=0.000000 alg=PIDF)
087.695,,4.035,11.226,true,340168.000,1380.000,PIDFCoefficients(p=80.000000 i=20.000000 d=0.000000 f=0.000000 alg=PIDF)
087.725,,4.027,11.230,true,340204.000,1380.000,PIDFCoefficients(p=80.000000 i=20.000000 d=0.000000 f=0.000000 alg=PIDF)
087.744,,4.013,11.239,true,340237.000,1380.000,PIDFCoefficients(p=80.000000 i=20.000000 d=0.000000 f=0.000000 alg=PIDF)
087.765,,4.002,11.239,true,340265.000,1380.000,PIDFCoefficients(p=80.000000 i=20.000000 d=0.000000 f=0.000000 alg=PIDF)
087.787,,3.987,11.248,true,340294.000,1380.000,PIDFCoefficients(p=80.000000 i=20.000000 d=0.000000 f=0.000000 alg=PIDF)
087.807,,3.973,11.257,true,340324.000,1360.000,PIDFCoefficients(p=80.000000 i=20.000000 d=0.000000 f=0.000000 alg=PIDF)
087.826,,3.954,11.257,true,340351.000,1400.000,PIDFCoefficients(p=80.000000 i=20.000000 d=0.000000 f=0.000000 alg=PIDF)
087.846,,3.947,11.261,true,340378.000,1400.000,PIDFCoefficients(p=80.000000 i=20.000000 d=0.000000 f=0.000000 alg=PIDF)
087.866,,3.936,11.274,true,340406.000,1400.000,PIDFCoefficients(p=80.000000 i=20.000000 d=0.000000 f=0.000000 alg=PIDF)
087.885,,3.918,11.274,true,340434.000,1420.000,PIDFCoefficients(p=80.000000 i=20.000000 d=0.000000 f=0.000000 alg=PIDF)
087.906,,3.914,11.278,true,340463.000,1400.000,PIDFCoefficients(p=80.000000 i=20.000000 d=0.000000 f=0.000000 alg=PIDF)
087.927,,3.907,11.278,true,340493.000,1420.000,PIDFCoefficients(p=80.000000 i=20.000000 d=0.000000 f=0.000000 alg=PIDF)
087.948,,3.885,11.278,true,340522.000,1420.000,PIDFCoefficients(p=80.000000 i=20.000000 d=0.000000 f=0.000000 alg=PIDF)
087.968,,3.870,11.283,true,340552.000,1440.000,PIDFCoefficients(p=80.000000 i=20.000000 d=0.000000 f=0.000000 alg=PIDF)
087.990,,3.849,11.309,true,340582.000,1420.000,PIDFCoefficients(p=80.000000 i=20.000000 d=0.000000 f=0.000000 alg=PIDF)
088.019,,3.834,11.300,true,340618.000,1420.000,PIDFCoefficients(p=80.000000 i=20.000000 d=0.000000 f=0.000000 alg=PIDF)
088.042,,3.812,11.300,true,340657.000,1440.000,PIDFCoefficients(p=80.000000 i=20.000000 d=0.000000 f=0.000000 alg=PIDF)
088.063,,3.798,11.318,true,340688.000,1440.000,PIDFCoefficients(p=80.000000 i=20.000000 d=0.000000 f=0.000000 alg=PIDF)
088.084,,3.794,11.300,true,340718.000,1460.000,PIDFCoefficients(p=80.000000 i=20.000000 d=0.000000 f=0.000000 alg=PIDF)
088.106,,3.779,11.305,true,340749.000,1460.000,PIDFCoefficients(p=80.000000 i=20.000000 d=0.000000 f=0.000000 alg=PIDF)
088.132,,3.772,11.305,true,340781.000,1460.000,PIDFCoefficients(p=80.000000 i=20.000000 d=0.000000 f=0.000000 alg=PIDF)
088.154,,3.754,11.313,true,340822.000,1460.000,PIDFCoefficients(p=80.000000 i=20.000000 d=0.000000 f=0.000000 alg=PIDF)
088.173,,3.750,11.313,true,340850.000,1480.000,PIDFCoefficients(p=80.000000 i=20.000000 d=0.000000 f=0.000000 alg=PIDF)
088.192,,3.736,11.335,true,340878.000,1460.000,PIDFCoefficients(p=80.000000 i=20.000000 d=0.000000 f=0.000000 alg=PIDF)
088.212,,3.728,11.327,true,340907.000,1480.000,PIDFCoefficients(p=80.000000 i=20.000000 d=0.000000 f=0.000000 alg=PIDF)
088.238,,3.699,11.340,true,340942.000,1480.000,PIDFCoefficients(p=80.000000 i=20.000000 d=0.000000 f=0.000000 alg=PIDF)
088.265,,3.699,11.335,true,340982.000,1480.000,PIDFCoefficients(p=80.000000 i=20.000000 d=0.000000 f=0.000000 alg=PIDF)
088.284,,3.677,11.348,true,341015.000,1500.000,PIDFCoefficients(p=80.000000 i=20.000000 d=0.000000 f=0.000000 alg=PIDF)
088.303,,3.674,11.340,true,341043.000,1500.000,PIDFCoefficients(p=80.000000 i=20.000000 d=0.000000 f=0.000000 alg=PIDF)
088.321,,3.659,11.340,true,341071.000,1500.000,PIDFCoefficients(p=80.000000 i=20.000000 d=0.000000 f=0.000000 alg=PIDF)
088.339,,3.659,11.357,true,341098.000,1500.000,PIDFCoefficients(p=80.000000 i=20.000000 d=0.000000 f=0.000000 alg=PIDF)
088.359,,3.641,11.362,true,341127.000,1500.000,PIDFCoefficients(p=80.000000 i=20.000000 d=0.000000 f=0.000000 alg=PIDF)
088.378,,3.634,11.375,true,341156.000,1500.000,PIDFCoefficients(p=80.000000 i=20.000000 d=0.000000 f=0.000000 alg=PIDF)
088.398,,3.623,11.362,true,341186.000,1500.000,PIDFCoefficients(p=80.000000 i=20.000000 d=0.000000 f=0.000000 alg=PIDF)
088.420,,3.619,11.362,true,341218.000,1500.000,PIDFCoefficients(p=80.000000 i=20.000000 d=0.000000 f=0.000000 alg=PIDF)
088.440,,3.604,11.370,true,341250.000,1520.000,PIDFCoefficients(p=80.000000 i=20.000000 d=0.000000 f=0.000000 alg=PIDF)
088.459,,3.601,11.366,true,341280.000,1520.000,PIDFCoefficients(p=80.000000 i=20.000000 d=0.000000 f=0.000000 alg=PIDF)
088.478,,3.593,11.388,true,341309.000,1520.000,PIDFCoefficients(p=80.000000 i=20.000000 d=0.000000 f=0.000000 alg=PIDF)
088.507,,3.572,11.388,true,341341.000,1520.000,PIDFCoefficients(p=80.000000 i=20.000000 d=0.000000 f=0.000000 alg=PIDF)
088.534,,3.572,11.370,true,341390.000,1520.000,PIDFCoefficients(p=80.000000 i=20.000000 d=0.000000 f=0.000000 alg=PIDF)
088.556,,3.553,11.379,true,341426.000,1520.000,PIDFCoefficients(p=80.000000 i=20.000000 d=0.000000 f=0.000000 alg=PIDF)
088.577,,3.542,11.383,true,341459.000,1540.000,PIDFCoefficients(p=80.000000 i=20.000000 d=0.000000 f=0.000000 alg=PIDF)
088.599,,3.532,11.405,true,341493.000,1540.000,PIDFCoefficients(p=80.000000 i=20.000000 d=0.000000 f=0.000000 alg=PIDF)
088.623,,3.517,11.392,true,341526.000,1540.000,PIDFCoefficients(p=80.000000 i=20.000000 d=0.000000 f=0.000000 alg=PIDF)
088.643,,3.517,11.396,true,341562.000,1560.000,PIDFCoefficients(p=80.000000 i=20.000000 d=0.000000 f=0.000000 alg=PIDF)
088.665,,3.506,11.392,true,341595.000,1560.000,PIDFCoefficients(p=80.000000 i=20.000000 d=0.000000 f=0.000000 alg=PIDF)
088.688,,3.491,11.418,true,341630.000,1560.000,PIDFCoefficients(p=80.000000 i=20.000000 d=0.000000 f=0.000000 alg=PIDF)
088.710,,3.480,11.405,true,341665.000,1560.000,PIDFCoefficients(p=80.000000 i=20.000000 d=0.000000 f=0.000000 alg=PIDF)
088.731,,3.477,11.405,true,341698.000,1560.000,PIDFCoefficients(p=80.000000 i=20.000000 d=0.000000 f=0.000000 alg=PIDF)
088.759,,3.470,11.418,true,341742.000,1560.000,PIDFCoefficients(p=80.000000 i=20.000000 d=0.000000 f=0.000000 alg=PIDF)
088.789,,3.448,11.418,true,341788.000,1560.000,PIDFCoefficients(p=80.000000 i=20.000000 d=0.000000 f=0.000000 alg=PIDF)
088.810,,3.437,11.414,true,341822.000,1580.000,PIDFCoefficients(p=80.000000 i=20.000000 d=0.000000 f=0.000000 alg=PIDF)
088.831,,3.451,11.418,true,341856.000,1580.000,PIDFCoefficients(p=80.000000 i=20.000000 d=0.000000 f=0.000000 alg=PIDF)
088.853,,3.429,11.427,true,341890.000,1580.000,PIDFCoefficients(p=80.000000 i=20.000000 d=0.000000 f=0.000000 alg=PIDF)
088.876,,3.426,11.431,true,341927.000,1580.000,PIDFCoefficients(p=80.000000 i=20.000000 d=0.000000 f=0.000000 alg=PIDF)
088.897,,3.426,11.418,true,341960.000,1580.000,PIDFCoefficients(p=80.000000 i=20.000000 d=0.000000 f=0.000000 alg=PIDF)
088.919,,3.415,11.431,true,341995.000,1580.000,PIDFCoefficients(p=80.000000 i=20.000000 d=0.000000 f=0.000000 alg=PIDF)
088.942,,3.404,11.436,true,342032.000,1600.000,PIDFCoefficients(p=80.000000 i=20.000000 d=0.000000 f=0.000000 alg=PIDF)
088.964,,3.400,11.436,true,342064.000,1560.000,PIDFCoefficients(p=80.000000 i=20.000000 d=0.000000 f=0.000000 alg=PIDF)
088.989,,3.389,11.427,true,342099.000,1560.000,PIDFCoefficients(p=80.000000 i=20.000000 d=0.000000 f=0.000000 alg=PIDF)
089.012,,3.386,11.440,true,342140.000,1600.000,PIDFCoefficients(p=80.000000 i=20.000000 d=0.000000 f=0.000000 alg=PIDF)
089.035,,3.375,11.431,true,342181.000,1600.000,PIDFCoefficients(p=80.000000 i=20.000000 d=0.000000 f=0.000000 alg=PIDF)
089.053,,3.360,11.445,true,342210.000,1600.000,PIDFCoefficients(p=80.000000 i=20.000000 d=0.000000 f=0.000000 alg=PIDF)
089.072,,3.360,11.453,true,342241.000,1600.000,PIDFCoefficients(p=80.000000 i=20.000000 d=0.000000 f=0.000000 alg=PIDF)
089.090,,3.349,11.445,true,342270.000,1600.000,PIDFCoefficients(p=80.000000 i=20.000000 d=0.000000 f=0.000000 alg=PIDF)
089.110,,3.353,11.449,true,342300.000,1620.000,PIDFCoefficients(p=80.000000 i=20.000000 d=0.000000 f=0.000000 alg=PIDF)
089.134,,3.335,11.466,true,342330.000,1580.000,PIDFCoefficients(p=80.000000 i=20.000000 d=0.000000 f=0.000000 alg=PIDF)
089.152,,3.327,11.453,true,342370.000,1620.000,PIDFCoefficients(p=80.000000 i=20.000000 d=0.000000 f=0.000000 alg=PIDF)
089.172,,3.335,11.628,true,342402.000,1660.000,PIDFCoefficients(p=80.000000 i=20.000000 d=0.000000 f=0.000000 alg=PIDF)
089.192,,2.737,11.986,true,342435.000,1620.000,PIDFCoefficients(p=80.000000 i=20.000000 d=0.000000 f=0.000000 alg=PIDF)
089.211,,2.325,11.995,true,342466.000,1600.000,PIDFCoefficients(p=80.000000 i=20.000000 d=0.000000 f=0.000000 alg=PIDF)
089.231,,2.197,11.785,true,342496.000,1620.000,PIDFCoefficients(p=80.000000 i=20.000000 d=0.000000 f=0.000000 alg=PIDF)
089.252,,2.515,11.794,true,342530.000,1620.000,PIDFCoefficients(p=80.000000 i=20.000000 d=0.000000 f=0.000000 alg=PIDF)
089.277,,2.587,11.785,true,342571.000,1620.000,PIDFCoefficients(p=80.000000 i=20.000000 d=0.000000 f=0.000000 alg=PIDF)
089.301,,2.628,11.790,true,342611.000,1620.000,PIDFCoefficients(p=80.000000 i=20.000000 d=0.000000 f=0.000000 alg=PIDF)
089.321,,2.620,11.799,true,342644.000,1600.000,PIDFCoefficients(p=80.000000 i=20.000000 d=0.000000 f=0.000000 alg=PIDF)
089.340,,2.595,11.842,true,342673.000,1620.000,PIDFCoefficients(p=80.000000 i=20.000000 d=0.000000 f=0.000000 alg=PIDF)
089.359,,2.533,11.829,true,342704.000,1620.000,PIDFCoefficients(p=80.000000 i=20.000000 d=0.000000 f=0.000000 alg=PIDF)
089.378,,2.533,11.882,true,342734.000,1620.000,PIDFCoefficients(p=80.000000 i=20.000000 d=0.000000 f=0.000000 alg=PIDF)
089.400,,2.493,11.899,true,342769.000,1620.000,PIDFCoefficients(p=80.000000 i=20.000000 d=0.000000 f=0.000000 alg=PIDF)
089.419,,2.412,11.886,true,342801.000,1620.000,PIDFCoefficients(p=80.000000 i=20.000000 d=0.000000 f=0.000000 alg=PIDF)
089.438,,2.405,11.689,true,342832.000,1600.000,PIDFCoefficients(p=80.000000 i=20.000000 d=0.000000 f=0.000000 alg=PIDF)
089.459,,2.690,11.685,true,342864.000,1620.000,PIDFCoefficients(p=80.000000 i=20.000000 d=0.000000 f=0.000000 alg=PIDF)
089.479,,2.828,11.833,true,342898.000,1620.000,PIDFCoefficients(p=80.000000 i=20.000000 d=0.000000 f=0.000000 alg=PIDF)
089.499,,2.741,11.882,true,342928.000,1620.000,PIDFCoefficients(p=80.000000 i=20.000000 d=0.000000 f=0.000000 alg=PIDF)
089.522,,2.496,11.899,true,342964.000,1640.000,PIDFCoefficients(p=80.000000 i=20.000000 d=0.000000 f=0.000000 alg=PIDF)
089.545,,2.369,11.943,true,342998.000,1620.000,PIDFCoefficients(p=80.000000 i=20.000000 d=0.000000 f=0.000000 alg=PIDF)
089.563,,2.310,11.943,true,343035.000,1600.000,PIDFCoefficients(p=80.000000 i=20.000000 d=0.000000 f=0.000000 alg=PIDF)
089.583,,2.285,11.943,true,343065.000,1600.000,PIDFCoefficients(p=80.000000 i=20.000000 d=0.000000 f=0.000000 alg=PIDF)
089.602,,2.281,11.938,true,343096.000,1620.000,PIDFCoefficients(p=80.000000 i=20.000000 d=0.000000 f=0.000000 alg=PIDF)
089.621,,2.281,11.925,true,343127.000,1620.000,PIDFCoefficients(p=80.000000 i=20.000000 d=0.000000 f=0.000000 alg=PIDF)
089.640,,2.307,11.847,true,343158.000,1600.000,PIDFCoefficients(p=80.000000 i=20.000000 d=0.000000 f=0.000000 alg=PIDF)
089.659,,2.471,11.842,true,343189.000,1600.000,PIDFCoefficients(p=80.000000 i=20.000000 d=0.000000 f=0.000000 alg=PIDF)
089.679,,2.504,11.829,true,343219.000,1600.000,PIDFCoefficients(p=80.000000 i=20.000000 d=0.000000 f=0.000000 alg=PIDF)
089.698,,2.540,11.829,true,343251.000,1600.000,PIDFCoefficients(p=80.000000 i=20.000000 d=0.000000 f=0.000000 alg=PIDF)
089.716,,2.544,11.847,true,343281.000,1620.000,PIDFCoefficients(p=80.000000 i=20.000000 d=0.000000 f=0.000000 alg=PIDF)
089.735,,2.533,11.847,true,343310.000,1620.000,PIDFCoefficients(p=80.000000 i=20.000000 d=0.000000 f=0.000000 alg=PIDF)
089.754,,2.445,11.982,true,343341.000,1620.000,PIDFCoefficients(p=80.000000 i=20.000000 d=0.000000 f=0.000000 alg=PIDF)
089.774,,2.248,11.982,true,343372.000,1600.000,PIDFCoefficients(p=80.000000 i=20.000000 d=0.000000 f=0.000000 alg=PIDF)
089.801,,2.241,11.895,true,343416.000,1600.000,PIDFCoefficients(p=80.000000 i=20.000000 d=0.000000 f=0.000000 alg=PIDF)
089.821,,2.376,11.877,true,343448.000,1600.000,PIDFCoefficients(p=80.000000 i=20.000000 d=0.000000 f=0.000000 alg=PIDF)
089.846,,2.420,12.563,false,343488.000,1580.000,PIDFCoefficients(p=80.000000 i=20.000000 d=0.000000 f=0.000000 alg=PIDF)
089.866,,1.053,12.638,false,343519.000,1580.000,PIDFCoefficients(p=80.000000 i=20.000000 d=0.000000 f=0.000000 alg=PIDF)
089.886,,0.397,12.642,false,343551.000,1580.000,PIDFCoefficients(p=80.000000 i=20.000000 d=0.000000 f=0.000000 alg=PIDF)
089.905,,0.153,12.651,false,343581.000,1560.000,PIDFCoefficients(p=80.000000 i=20.000000 d=0.000000 f=0.000000 alg=PIDF)
089.928,,0.061,12.651,false,343614.000,1580.000,PIDFCoefficients(p=80.000000 i=20.000000 d=0.000000 f=0.000000 alg=PIDF)
089.953,,0.029,12.651,false,343653.000,1560.000,PIDFCoefficients(p=80.000000 i=20.000000 d=0.000000 f=0.000000 alg=PIDF)
089.975,,0.014,12.655,false,343687.000,1540.000,PIDFCoefficients(p=80.000000 i=20.000000 d=0.000000 f=0.000000 alg=PIDF)
089.999,,0.010,12.655,false,343723.000,1540.000,PIDFCoefficients(p=80.000000 i=20.000000 d=0.000000 f=0.000000 alg=PIDF)
090.023,,0.007,12.655,false,343758.000,1520.000,PIDFCoefficients(p=80.000000 i=20.000000 d=0.000000 f=0.000000 alg=PIDF)
090.048,,0.003,12.651,false,343796.000,1520.000,PIDFCoefficients(p=80.000000 i=20.000000 d=0.000000 f=0.000000 alg=PIDF)
090.069,,0.007,12.659,false,343829.000,1520.000,PIDFCoefficients(p=80.000000 i=20.000000 d=0.000000 f=0.000000 alg=PIDF)
090.088,,0.003,12.659,false,343861.000,1500.000,PIDFCoefficients(p=80.000000 i=20.000000 d=0.000000 f=0.000000 alg=PIDF)
090.108,,0.003,12.655,false,343889.000,1480.000,PIDFCoefficients(p=80.000000 i=20.000000 d=0.000000 f=0.000000 alg=PIDF)
090.131,,0.003,12.659,false,343918.000,1480.000,PIDFCoefficients(p=80.000000 i=20.000000 d=0.000000 f=0.000000 alg=PIDF)
090.151,,0.003,12.659,false,343952.000,1460.000,PIDFCoefficients(p=80.000000 i=20.000000 d=0.000000 f=0.000000 alg=PIDF)
090.170,,0.003,12.664,false,343980.000,1460.000,PIDFCoefficients(p=80.000000 i=20.000000 d=0.000000 f=0.000000 alg=PIDF)
090.192,,0.003,12.659,false,344011.000,1440.000,PIDFCoefficients(p=80.000000 i=20.000000 d=0.000000 f=0.000000 alg=PIDF)
090.211,,0.003,12.664,false,344039.000,1440.000,PIDFCoefficients(p=80.000000 i=20.000000 d=0.000000 f=0.000000 alg=PIDF)
090.232,,0.003,12.664,false,344066.000,1420.000,PIDFCoefficients(p=80.000000 i=20.000000 d=0.000000 f=0.000000 alg=PIDF)
090.255,,0.003,12.664,false,344098.000,1440.000,PIDFCoefficients(p=80.000000 i=20.000000 d=0.000000 f=0.000000 alg=PIDF)
090.281,,0.003,12.659,false,344134.000,1420.000,PIDFCoefficients(p=80.000000 i=20.000000 d=0.000000 f=0.000000 alg=PIDF)
090.311,,0.003,12.664,false,344173.000,1400.000,PIDFCoefficients(p=80.000000 i=20.000000 d=0.000000 f=0.000000 alg=PIDF)
090.338,,0.003,12.664,false,344214.000,1380.000,PIDFCoefficients(p=80.000000 i=20.000000 d=0.000000 f=0.000000 alg=PIDF)
090.360,,0.003,12.668,false,344245.000,1360.000,PIDFCoefficients(p=80.000000 i=20.000000 d=0.000000 f=0.000000 alg=PIDF)
090.383,,0.003,12.668,false,344275.000,1380.000,PIDFCoefficients(p=80.000000 i=20.000000 d=0.000000 f=0.000000 alg=PIDF)
090.404,,0.003,12.668,false,344305.000,1360.000,PIDFCoefficients(p=80.000000 i=20.000000 d=0.000000 f=0.000000 alg=PIDF)
090.429,,0.000,12.668,false,344334.000,1340.000,PIDFCoefficients(p=80.000000 i=20.000000 d=0.000000 f=0.000000 alg=PIDF)
090.451,,0.003,12.668,false,344366.000,1340.000,PIDFCoefficients(p=80.000000 i=20.000000 d=0.000000 f=0.000000 alg=PIDF)
090.473,,0.003,12.668,false,344395.000,1340.000,PIDFCoefficients(p=80.000000 i=20.000000 d=0.000000 f=0.000000 alg=PIDF)
090.495,,0.003,12.668,false,344423.000,1320.000,PIDFCoefficients(p=80.000000 i=20.000000 d=0.000000 f=0.000000 alg=PIDF)
090.517,,0.003,12.668,false,344452.000,1300.000,PIDFCoefficients(p=80.000000 i=20.000000 d=0.000000 f=0.000000 alg=PIDF)
090.543,,0.003,12.659,false,344482.000,1280.000,PIDFCoefficients(p=80.000000 i=20.000000 d=0.000000 f=0.000000 alg=PIDF)
090.565,,0.003,12.673,false,344514.000,1280.000,PIDFCoefficients(p=80.000000 i=20.000000 d=0.000000 f=0.000000 alg=PIDF)
090.592,,0.003,12.673,false,344547.000,1280.000,PIDFCoefficients(p=80.000000 i=20.000000 d=0.000000 f=0.000000 alg=PIDF)
090.615,,0.003,12.673,false,344575.000,1260.000,PIDFCoefficients(p=80.000000 i=20.000000 d=0.000000 f=0.000000 alg=PIDF)
090.639,,0.000,12.668,false,344605.000,1240.000,PIDFCoefficients(p=80.000000 i=20.000000 d=0.000000 f=0.000000 alg=PIDF)
090.664,,0.003,12.668,false,344633.000,1240.000,PIDFCoefficients(p=80.000000 i=20.000000 d=0.000000 f=0.000000 alg=PIDF)
090.686,,0.003,12.673,false,344663.000,1240.000,PIDFCoefficients(p=80.000000 i=20.000000 d=0.000000 f=0.000000 alg=PIDF)
090.708,,0.003,12.668,false,344690.000,1220.0